Carmon,Telma,Koschnitzki,TeamPrimrose!1
Ezra,Teri,Brozena,TeamPrimrose!1
Gaylord,Rosario,Blauman,TeamPrimrose!1
Graig,Bret,Badertscher,TeamPrimrose!1
So,Aida,Fenchel,TeamPrimrose!1
Jackeline,Ricki,Schoelman,TeamPrimrose!1
Jeff,Jamel,Taha,TeamPrimrose!1
Bridgette,Leonie,Illovsky,TeamPrimrose!1
Dominga,Joanie,Darwish,TeamPrimrose!1
Sharyn,Farah,Ruscetti,TeamPrimrose!1
Teressa,Malcolm,Earney,TeamPrimrose!1
Tamekia,Darrell,Buehner,TeamPrimrose!1
Camila,Jimmy,Troll,TeamPrimrose!1
Judy,Carolina,Zapel,TeamPrimrose!1
Mahalia,Victorina,Greenidge,TeamPrimrose!1
Mozella,Shavonda,Crandall,TeamPrimrose!1
Harold,Greta,Tag,TeamPrimrose!1
Lou,Traci,Rohleder,TeamPrimrose!1
Nichol,Ginger,Nagler,TeamPrimrose!1
Ivan,Hedy,Rogas,TeamPrimrose!1
Daniel,Marion,Lapari,TeamPrimrose!1
Matt,Madelene,Stander,TeamPrimrose!1
Lovella,Alleen,Mccarroll,TeamPrimrose!1
Rivka,Dakota,Boehler,TeamPrimrose!1
Mark,Stefany,Kindred,TeamPrimrose!1
Deandra,Benita,Bible,TeamPrimrose!1
Shay,Gita,Heaslip,TeamPrimrose!1
Marcy,Lucinda,Sarette,TeamPrimrose!1
Tyisha,Junior,Varrelman,TeamPrimrose!1
Rima,Millie,Foertsch,TeamPrimrose!1
Latarsha,Flo,Bothof,TeamPrimrose!1
Nena,Ulrike,Melusky,TeamPrimrose!1
Val,Hellen,Pankhurst,TeamPrimrose!1
Coleman,Benedict,Nono,TeamPrimrose!1
Luella,Samual,Jenner,TeamPrimrose!1
Hong,Gennie,App,TeamPrimrose!1
Travis,Justa,Loque,TeamPrimrose!1
Mac,Alexander,Rigerman,TeamPrimrose!1
Zita,Alec,Phinney,TeamPrimrose!1
Yael,Marquitta,Branden,TeamPrimrose!1
Jimmy,Hilton,Buschman,TeamPrimrose!1
Cher,Toccara,Guidaboni,TeamPrimrose!1
Leon,Kathrine,Shufelt,TeamPrimrose!1
Lynetta,Angla,Shinsky,TeamPrimrose!1
Roseanna,Lekisha,Jungels,TeamPrimrose!1
Andera,Lashay,Koegler,TeamPrimrose!1
Simona,Dusty,Irani,TeamPrimrose!1
Leslee,Lavina,Wilbourne,TeamPrimrose!1
Mavis,Clayton,Daoud,TeamPrimrose!1
Lorette,Aisha,Kostohryz,TeamPrimrose!1
Lavada,Dennise,Taillon,TeamPrimrose!1
Chang,Olen,Kimel,TeamPrimrose!1
Shemika,Kaley,Kiedrowski,TeamPrimrose!1
Una,Russell,Seigworth,TeamPrimrose!1
Kathryne,Jeni,Chirinos,TeamPrimrose!1
Javier,Olimpia,Ohlmann,TeamPrimrose!1
Carmen,Alaina,Littleton,TeamPrimrose!1
Amira,Rowena,Gibala,TeamPrimrose!1
Despina,Thurman,Vilanova,TeamPrimrose!1
Dusty,Gabriel,Proue,TeamPrimrose!1
Stefan,Merna,Uballe,TeamPrimrose!1
Rayna,Eliz,Robbert,TeamPrimrose!1
Ignacia,Blythe,Streitenberge,TeamPrimrose!1
Adalberto,Eve,Prestwich,TeamPrimrose!1
Britt,Florida,Boitel,TeamPrimrose!1
Chi,Lenore,Dine,TeamPrimrose!1
Myra,Edwin,Georgales,TeamPrimrose!1
Wilhemina,Mac,Sary,TeamPrimrose!1
Bessie,Joseph,Brohawn,TeamPrimrose!1
Joana,Yolonda,Nannie,TeamPrimrose!1
Jennette,Summer,Caracso,TeamPrimrose!1
Gregorio,Chana,Mulqueen,TeamPrimrose!1
Rozanne,Josh,Duchane,TeamPrimrose!1
Larraine,Graham,Bodnar,TeamPrimrose!1
Dorie,Jordon,Siddon,TeamPrimrose!1
Shalanda,Takako,Goolman,TeamPrimrose!1
Janna,Robt,Felmet,TeamPrimrose!1
Jackelyn,Twyla,Rhein,TeamPrimrose!1
Larae,Tiera,Paisley,TeamPrimrose!1
Charles,Wenona,Schlicht,TeamPrimrose!1
Buster,Russell,Dewulf,TeamPrimrose!1
Mandy,Deshawn,Clairday,TeamPrimrose!1
Dyan,Pauline,Venditto,TeamPrimrose!1
Marguerita,Angelika,Mcfarlin,TeamPrimrose!1
Melani,Vita,Garcia,TeamPrimrose!1
Monika,Carroll,Deacy,TeamPrimrose!1
Aubrey,Jeramy,Peavy,TeamPrimrose!1
Matilda,Shawanda,Bussani,TeamPrimrose!1
Sam,Francis,Swanteck,TeamPrimrose!1
Liane,Beatrice,Tengben,TeamPrimrose!1
Shonda,Harris,Lineman,TeamPrimrose!1
Clarence,Elias,Goehringer,TeamPrimrose!1
Cindy,Beverly,Manecke,TeamPrimrose!1
Jewel,Sun,Kresal,TeamPrimrose!1
Merlyn,Mignon,Lemkau,TeamPrimrose!1
Larry,Genie,Biby,TeamPrimrose!1
Rodney,Sharita,Porath,TeamPrimrose!1
Otilia,Latosha,Ricenberg,TeamPrimrose!1
Priscila,Julissa,Rattley,TeamPrimrose!1
Dagmar,Sabina,Prusinski,TeamPrimrose!1
Brandee,Christel,Hrbacek,TeamPrimrose!1
Deandrea,Carmelo,Drozdowski,TeamPrimrose!1
Carlita,Esta,Tansil,TeamPrimrose!1
Aurore,Tommy,Argumedo,TeamPrimrose!1
Marnie,Pasty,Loury,TeamPrimrose!1
Antonia,David,Mctiernan,TeamPrimrose!1
Johnny,Suzette,Dippery,TeamPrimrose!1
Willy,Keiko,Sweley,TeamPrimrose!1
Kate,Wilda,Osman,TeamPrimrose!1
Vivienne,Melida,Linsky,TeamPrimrose!1
Irena,Roberto,Landing,TeamPrimrose!1
Yvonne,Jacquie,Howle,TeamPrimrose!1
Porter,Porter,Eldrige,TeamPrimrose!1
Loren,Perry,Winthrop,TeamPrimrose!1
Mira,Teofila,Dok,TeamPrimrose!1
Darren,Quinn,Sessa,TeamPrimrose!1
Kirsten,Glenn,Oehlert,TeamPrimrose!1
Mellie,Lula,Hollinrake,TeamPrimrose!1
Charlena,Nella,Bernabei,TeamPrimrose!1
Dario,Jalisa,Williamon,TeamPrimrose!1
Rickie,Alexis,Manker,TeamPrimrose!1
Angel,Portia,Emshwiller,TeamPrimrose!1
Tama,Joe,Schlaack,TeamPrimrose!1
Dean,Nedra,Finwall,TeamPrimrose!1
Sabra,Haywood,Salas,TeamPrimrose!1
Shakita,John,Mikes,TeamPrimrose!1
Dion,Nana,Tatro,TeamPrimrose!1
Alla,Delisa,Wigren,TeamPrimrose!1
Yolonda,Merry,Mcdugle,TeamPrimrose!1
Trenton,Latrina,Palenik,TeamPrimrose!1
Tracee,Duane,Faulkes,TeamPrimrose!1
Mamie,Carrie,Hallett,TeamPrimrose!1
Pearle,Kassie,Tovar,TeamPrimrose!1
Jovan,Matilda,Ruderman,TeamPrimrose!1
Adelia,Loan,Kutcher,TeamPrimrose!1
Markus,Lawrence,Hausen,TeamPrimrose!1
Yong,Mari,Tande,TeamPrimrose!1
Palmira,Burton,Lagerman,TeamPrimrose!1
Jody,Yolando,Colp,TeamPrimrose!1
Will,Miguel,Baize,TeamPrimrose!1
Sherika,Shirl,Rintharamy,TeamPrimrose!1
Cheryll,Jinny,Gabrel,TeamPrimrose!1
Gwenn,Xochitl,Cappetta,TeamPrimrose!1
Ayako,Venice,Etheredge,TeamPrimrose!1
Santana,Eliz,Contras,TeamPrimrose!1
Dorcas,Alphonse,Chiara,TeamPrimrose!1
Lia,Hosea,Kilmartin,TeamPrimrose!1
Aja,Lorie,Adamson,TeamPrimrose!1
Allan,Denese,Cuoco,TeamPrimrose!1
Jed,Gwenda,Braham,TeamPrimrose!1
Bettie,Harrison,Bauers,TeamPrimrose!1
Nichole,Amira,Verros,TeamPrimrose!1
Hyacinth,Dale,Pedone,TeamPrimrose!1
Stormy,Sylvester,Stapel,TeamPrimrose!1
Sallie,Shawn,Fitchpatrick,TeamPrimrose!1
Joey,Marie,Mcintrye,TeamPrimrose!1
Annett,Bernie,Ciarletta,TeamPrimrose!1
Kandace,Santiago,Grussing,TeamPrimrose!1
Modesta,Gudrun,Polashek,TeamPrimrose!1
Deon,Martin,Leblond,TeamPrimrose!1
Maisha,Estella,Bussman,TeamPrimrose!1
Ronna,Nakesha,Taybron,TeamPrimrose!1
Julian,Brinda,Reamy,TeamPrimrose!1
Mauricio,Dorathy,Fitgerald,TeamPrimrose!1
Lucie,Boyce,Mccree,TeamPrimrose!1
Terrell,Lashell,Kuchenmeister,TeamPrimrose!1
Rolando,Monty,Maple,TeamPrimrose!1
Kurtis,Miquel,Blakelock,TeamPrimrose!1
Anastacia,Sebastian,Palk,TeamPrimrose!1
Tran,Garland,Aures,TeamPrimrose!1
Myrtice,Sean,Reilly,TeamPrimrose!1
Jewell,Thersa,Matranga,TeamPrimrose!1
Rosemarie,Violette,Hok,TeamPrimrose!1
Dane,Napoleon,Stritzinger,TeamPrimrose!1
Alberta,Elyse,Boisclair,TeamPrimrose!1
Sidney,Denita,Mcglocklin,TeamPrimrose!1
Kirby,Cindie,Gerken,TeamPrimrose!1
Hien,Ranae,Kristy,TeamPrimrose!1
Dorathy,Georgann,Oar,TeamPrimrose!1
Stacie,Garnet,Pleitez,TeamPrimrose!1
Verona,Celinda,Strohm,TeamPrimrose!1
Sylvia,Edgardo,Ouellete,TeamPrimrose!1
Mafalda,Creola,Wendorff,TeamPrimrose!1
Leota,Brook,Wekenborg,TeamPrimrose!1
Frank,Jinny,Nahl,TeamPrimrose!1
Natasha,Twanna,Critz,TeamPrimrose!1
Karlene,Santos,Tront,TeamPrimrose!1
Terry,Viviana,Ulich,TeamPrimrose!1
Altagracia,Danielle,Hailey,TeamPrimrose!1
Ranee,Margurite,Dormer,TeamPrimrose!1
Lala,Joe,Pastula,TeamPrimrose!1
Melania,Clarita,Gulbrandsen,TeamPrimrose!1
Tatum,Francisca,Pa,TeamPrimrose!1
Cheryl,Georgina,Putz,TeamPrimrose!1
Anna,Marcus,Riviezzo,TeamPrimrose!1
Charita,Suzy,Crusoe,TeamPrimrose!1
Alix,Mercedes,Nicley,TeamPrimrose!1
Louisa,Nathan,Roever,TeamPrimrose!1
Kellee,Bo,Carmicheal,TeamPrimrose!1
Lilia,Rhoda,Herriot,TeamPrimrose!1
Sandy,Keisha,Nunnelee,TeamPrimrose!1
Rubi,Meagan,Troup,TeamPrimrose!1
Kayla,Loren,Augustus,TeamPrimrose!1
Belva,Chrissy,Emeche,TeamPrimrose!1
Herschel,Margery,Deen,TeamPrimrose!1
Armando,Barbara,Arnau,TeamPrimrose!1
Herschel,Samual,Sperlich,TeamPrimrose!1
Margurite,Hsiu,Piantanida,TeamPrimrose!1
Wynell,Paris,Plasse,TeamPrimrose!1
Caprice,Britni,Tronnes,TeamPrimrose!1
Marcella,Kay,Mcconathy,TeamPrimrose!1
Lou,Awilda,Stubbolo,TeamPrimrose!1
Sparkle,Kristopher,Casacchia,TeamPrimrose!1
Ayako,Mireya,Quist,TeamPrimrose!1
Tijuana,Bennie,Quest,TeamPrimrose!1
Alfreda,Candace,Gandhy,TeamPrimrose!1
Vickie,Maida,Magera,TeamPrimrose!1
Justin,Estelle,Indeck,TeamPrimrose!1
Georgiana,Bianca,Marcoguisepp,TeamPrimrose!1
Magdalen,Walton,Doub,TeamPrimrose!1
Santos,Robt,Privado,TeamPrimrose!1
Lavona,Johnsie,Hudecek,TeamPrimrose!1
Long,Marquis,Silvano,TeamPrimrose!1
Karly,Savannah,Perrott,TeamPrimrose!1
Zenaida,Benny,Diez,TeamPrimrose!1
Marianne,Renna,Dubuc,TeamPrimrose!1
Fredda,Deedee,Stumpf,TeamPrimrose!1
Contessa,Lesa,Forbs,TeamPrimrose!1
Kathrine,Jacob,Klingen,TeamPrimrose!1
Emery,Kyung,Cottam,TeamPrimrose!1
Buena,Sarita,Harradine,TeamPrimrose!1
Rosalee,Winston,Dekrey,TeamPrimrose!1
Christeen,Mistie,Bagdon,TeamPrimrose!1
Deloise,Krystal,Houle,TeamPrimrose!1
Shalanda,Angeles,Lancz,TeamPrimrose!1
Ettie,Tomiko,Clabough,TeamPrimrose!1
Wei,Holly,Pucci,TeamPrimrose!1
Meridith,Conchita,Piehler,TeamPrimrose!1
Zulma,Vergie,Staneart,TeamPrimrose!1
Wilson,Eugena,Oyler,TeamPrimrose!1
Lorri,Asia,Hagman,TeamPrimrose!1
Margarito,Anton,Levister,TeamPrimrose!1
Georgina,Jarvis,Gushard,TeamPrimrose!1
Frankie,King,Tippett,TeamPrimrose!1
Alverta,Rocky,Mezzina,TeamPrimrose!1
Cindi,Marx,Yacono,TeamPrimrose!1
Antoinette,Roxanne,Ciesluk,TeamPrimrose!1
Lolita,Cherly,Aurrichio,TeamPrimrose!1
Shaunte,Staci,Beranek,TeamPrimrose!1
Una,Alissa,Belling,TeamPrimrose!1
Willette,Twana,Bosack,TeamPrimrose!1
Sharan,Wesley,Makino,TeamPrimrose!1
Marci,Waldo,Bruess,TeamPrimrose!1
Vincenza,Deeanna,Gradwell,TeamPrimrose!1
Meta,Anissa,Bessent,TeamPrimrose!1
Mindy,Willa,Huffines,TeamPrimrose!1
Shaniqua,Kathie,Maskaly,TeamPrimrose!1
Susan,Hank,Smigel,TeamPrimrose!1
Rubye,Andrew,Rohlf,TeamPrimrose!1
Corrina,Loyd,Wyzard,TeamPrimrose!1
Berry,Salvatore,Schnobrich,TeamPrimrose!1
Christopher,Kathyrn,Boyack,TeamPrimrose!1
Magali,Shizuko,Hitzler,TeamPrimrose!1
Gilberte,Eloy,Brussell,TeamPrimrose!1
Sammy,Alexia,Swedberg,TeamPrimrose!1
Rana,Georgiann,Rosca,TeamPrimrose!1
Leontine,Galen,Keilholtz,TeamPrimrose!1
Casey,Loyce,Alpert,TeamPrimrose!1
Clemencia,Kathrine,Wiklund,TeamPrimrose!1
Jacquelin,Melida,Bruffee,TeamPrimrose!1
Dara,Johnny,Quiles,TeamPrimrose!1
Maryjane,Bill,Canson,TeamPrimrose!1
India,Jessika,Brassil,TeamPrimrose!1
Tyler,Catherin,Paszkiewicz,TeamPrimrose!1
Dwana,Celestina,Glaves,TeamPrimrose!1
Gidget,Marlena,Sumrow,TeamPrimrose!1
Lachelle,Romona,Robidoux,TeamPrimrose!1
Rosann,Carrol,Gerwin,TeamPrimrose!1
Justa,Vernice,Line,TeamPrimrose!1
Lupe,Oralee,Markwell,TeamPrimrose!1
Lien,Alejandrina,Faykosh,TeamPrimrose!1
Gudrun,Sandi,Wegmann,TeamPrimrose!1
Shantelle,Malik,Lapuerta,TeamPrimrose!1
Mattie,Fe,Abel,TeamPrimrose!1
Curt,Bud,Cornella,TeamPrimrose!1
Lavina,Shayna,Pesnell,TeamPrimrose!1
Lang,Tuan,Bloemer,TeamPrimrose!1
Lajuana,Jackqueline,Osayande,TeamPrimrose!1
Emilie,Claude,Kruppa,TeamPrimrose!1
Brooke,Salena,Werra,TeamPrimrose!1
Stacey,Chrissy,Pitocco,TeamPrimrose!1
Drucilla,Grover,Olivid,TeamPrimrose!1
Ellyn,Olinda,Conaghan,TeamPrimrose!1
Monroe,Deedee,Eplin,TeamPrimrose!1
Conception,Nellie,Lataquin,TeamPrimrose!1
Parker,Ward,Nold,TeamPrimrose!1
Vernetta,Lorette,Mugica,TeamPrimrose!1
Aurore,Cortez,Reinbold,TeamPrimrose!1
Ping,Wilton,Traverso,TeamPrimrose!1
Gwyneth,Adelina,Varillas,TeamPrimrose!1
Sherril,Rudy,Dungee,TeamPrimrose!1
Royal,Jon,Herritt,TeamPrimrose!1
Meryl,Tena,Pitassi,TeamPrimrose!1
Lorette,Ryan,Hinh,TeamPrimrose!1
Talisha,Chasity,Guerinot,TeamPrimrose!1
Brittney,Iluminada,Knoche,TeamPrimrose!1
Bryanna,Theressa,Corkill,TeamPrimrose!1
Wendell,Majorie,Beanblossom,TeamPrimrose!1
Nevada,Janel,Broncheau,TeamPrimrose!1
Lisbeth,Meryl,Buzzell,TeamPrimrose!1
Versie,Chris,Dry,TeamPrimrose!1
Cathrine,Samuel,Padinha,TeamPrimrose!1
Richie,Zella,Wynott,TeamPrimrose!1
Iva,Filomena,Loukas,TeamPrimrose!1
Emerson,Veronica,Gleason,TeamPrimrose!1
Melanie,Lanie,Coad,TeamPrimrose!1
Louis,Frances,Montalvan,TeamPrimrose!1
Lorenza,Ciera,Kainoa,TeamPrimrose!1
Vinnie,Signe,Hackleman,TeamPrimrose!1
Damon,Muoi,Kyung,TeamPrimrose!1
Katharine,Ruth,Grava,TeamPrimrose!1
Rosenda,Porsha,Driere,TeamPrimrose!1
Camelia,Antoinette,Gutsche,TeamPrimrose!1
Norah,Samara,Tayse,TeamPrimrose!1
Vivien,Leonia,Pallas,TeamPrimrose!1
Roxie,Mariela,Showalter,TeamPrimrose!1
Monica,Dorthy,Linnertz,TeamPrimrose!1
Grady,Edward,Smisek,TeamPrimrose!1
Rona,Christel,Artinian,TeamPrimrose!1
Ira,Mafalda,Macnaught,TeamPrimrose!1
Gracia,Brandi,Muthart,TeamPrimrose!1
Tomeka,Drusilla,Gunyan,TeamPrimrose!1
Kit,Sherryl,Borgella,TeamPrimrose!1
Lawana,Evie,Ellerman,TeamPrimrose!1
Curtis,Granville,Hartzo,TeamPrimrose!1
Darrell,Jovita,Rowback,TeamPrimrose!1
Allene,Jettie,Hardie,TeamPrimrose!1
Lilli,Katrina,Harkrader,TeamPrimrose!1
Keith,Fermin,Fenley,TeamPrimrose!1
Rafaela,Suanne,Okwuona,TeamPrimrose!1
Sharyl,Karey,Llorens,TeamPrimrose!1
Shirl,Daria,Spatafora,TeamPrimrose!1
Meghan,Lissa,Willcoxon,TeamPrimrose!1
Barney,Carmen,Mensi,TeamPrimrose!1
Lady,Pandora,Catenaccio,TeamPrimrose!1
Glenda,Larhonda,Franzoni,TeamPrimrose!1
Santa,Doug,Heuring,TeamPrimrose!1
Angelita,Samella,Nunoz,TeamPrimrose!1
Catherin,Carina,Stoppkotte,TeamPrimrose!1
Myesha,Annabel,Gingell,TeamPrimrose!1
Edmond,Soon,Mccoskey,TeamPrimrose!1
Philomena,Sacha,Stidham,TeamPrimrose!1
Karl,Renee,Thavichith,TeamPrimrose!1
Rachelle,Lanita,Richel,TeamPrimrose!1
Tomasa,Deloise,Rossum,TeamPrimrose!1
Albert,Easter,Runnels,TeamPrimrose!1
Nyla,Selene,Senf,TeamPrimrose!1
Fannie,Joey,Labean,TeamPrimrose!1
Jeremiah,Shawanda,Laravie,TeamPrimrose!1
Claude,Earlean,Ziegenfuss,TeamPrimrose!1
Linh,Luanne,Deroin,TeamPrimrose!1
Jeana,Riley,Ulcena,TeamPrimrose!1
Aron,Valencia,Kaase,TeamPrimrose!1
Lavon,Roxann,Dworkin,TeamPrimrose!1
Sharen,Celsa,Marsteller,TeamPrimrose!1
Mathilda,Leslie,Brayboy,TeamPrimrose!1
Oswaldo,Donnette,Nothnagel,TeamPrimrose!1
Yulanda,Daisy,Cavill,TeamPrimrose!1
Jae,Quinton,Naragon,TeamPrimrose!1
Robyn,Deanne,Corscadden,TeamPrimrose!1
Argentina,Leanne,Haecker,TeamPrimrose!1
Albina,Linn,Siders,TeamPrimrose!1
Wilda,Tangela,Robenson,TeamPrimrose!1
Roy,Cherilyn,Soppe,TeamPrimrose!1
Kenneth,Lyda,Stassinos,TeamPrimrose!1
Karlene,Maxwell,Kuciemba,TeamPrimrose!1
Raymond,Danilo,Notarnicola,TeamPrimrose!1
Lexie,Mariano,Mailo,TeamPrimrose!1
Mallie,Inocencia,Oquinn,TeamPrimrose!1
Rodger,Nisha,Subramanian,TeamPrimrose!1
Manie,Ivory,Wishard,TeamPrimrose!1
Mirta,Roxie,Kinstler,TeamPrimrose!1
Tammara,Aubrey,Cione,TeamPrimrose!1
Elfreda,Will,Stcharles,TeamPrimrose!1
Betsy,Wendolyn,Emmerling,TeamPrimrose!1
Freddie,Edison,Lockyer,TeamPrimrose!1
Estella,Debbi,Loegering,TeamPrimrose!1
Monnie,Florinda,Marean,TeamPrimrose!1
Henry,Trinidad,Rua,TeamPrimrose!1
Lashawna,Stephaine,Battenhouse,TeamPrimrose!1
Bradly,Merissa,Maxcy,TeamPrimrose!1
Pearlene,Aubrey,Rohen,TeamPrimrose!1
Nichole,Kenneth,Benadom,TeamPrimrose!1
Gilbert,Sona,Korvin,TeamPrimrose!1
Johnna,Mariah,Sallas,TeamPrimrose!1
Martha,Rex,Lehmann,TeamPrimrose!1
Lorraine,Petrina,Rigazio,TeamPrimrose!1
Xochitl,Cyndy,Deubner,TeamPrimrose!1
Olene,Lavada,Villasenor,TeamPrimrose!1
Deshawn,Roy,Vandivier,TeamPrimrose!1
Shawna,Dolly,Levere,TeamPrimrose!1
Caprice,Brock,Connyer,TeamPrimrose!1
Theo,Alisha,Golembeski,TeamPrimrose!1
Janett,Charmain,Tino,TeamPrimrose!1
Bridgette,Arleen,Ebberts,TeamPrimrose!1
Mavis,Polly,Konrad,TeamPrimrose!1
Patty,Sharon,Belter,TeamPrimrose!1
Delmy,Kelley,Aragao,TeamPrimrose!1
Dodie,Marry,Duresky,TeamPrimrose!1
Celesta,Tonisha,Helquist,TeamPrimrose!1
Ehtel,Destiny,Krajewski,TeamPrimrose!1
Ellsworth,Beatrice,Carpentier,TeamPrimrose!1
Raven,Marvella,Rollin,TeamPrimrose!1
Marlin,Suzann,Decourley,TeamPrimrose!1
Inell,Imogene,Casillo,TeamPrimrose!1
Essie,Oswaldo,Chouinard,TeamPrimrose!1
Allen,Ursula,Frodge,TeamPrimrose!1
Taunya,China,Kingry,TeamPrimrose!1
Tommy,Pedro,Holway,TeamPrimrose!1
Shannon,Donny,Mazar,TeamPrimrose!1
Neomi,Clarice,Sing,TeamPrimrose!1
Duncan,Lorena,Arva,TeamPrimrose!1
Zandra,Fermina,Callicoat,TeamPrimrose!1
Justa,Dorla,Gonce,TeamPrimrose!1
Dovie,Corrie,Saintfleur,TeamPrimrose!1
Ching,Marian,Granzella,TeamPrimrose!1
Inez,Chong,Lafromboise,TeamPrimrose!1
Julietta,Latia,Piette,TeamPrimrose!1
Marisa,Clotilde,Leduke,TeamPrimrose!1
Truman,Art,Greenley,TeamPrimrose!1
Mabel,Cleora,Opalicki,TeamPrimrose!1
Casey,Juana,Argote,TeamPrimrose!1
Arnold,Joanna,Dienes,TeamPrimrose!1
Tyler,Jeanett,Manglona,TeamPrimrose!1
Iola,Cary,Kassman,TeamPrimrose!1
Arlette,Elenor,Vandesteene,TeamPrimrose!1
Luis,Juliet,Furcron,TeamPrimrose!1
Dusty,Melissa,Islar,TeamPrimrose!1
Solange,Georgene,Masino,TeamPrimrose!1
Sean,Sherell,Guggemos,TeamPrimrose!1
Judith,Dani,Sillman,TeamPrimrose!1
Shonta,Brittny,Vanorsdale,TeamPrimrose!1
Rosaline,Delicia,Zarzycki,TeamPrimrose!1
Yen,Desiree,Yearsley,TeamPrimrose!1
Vicki,Horace,Chamblee,TeamPrimrose!1
Elmo,Nettie,Gruben,TeamPrimrose!1
Larue,Melania,Doucet,TeamPrimrose!1
Khadijah,Harriett,Sandstrom,TeamPrimrose!1
Edris,Edmund,Breach,TeamPrimrose!1
Mirian,Aurora,Drumbore,TeamPrimrose!1
Kelle,Connie,Willimas,TeamPrimrose!1
Loreen,Isaias,Falter,TeamPrimrose!1
Letha,Yer,Bogdan,TeamPrimrose!1
Sharie,Tina,Nwagbara,TeamPrimrose!1
Latia,Marlene,Dimitrov,TeamPrimrose!1
Angila,Katerine,Breckley,TeamPrimrose!1
Lashay,Ruthe,Rosal,TeamPrimrose!1
Deshawn,Fidelia,Arcila,TeamPrimrose!1
Martin,Marylyn,Viehman,TeamPrimrose!1
Kathlene,Kimbery,Veater,TeamPrimrose!1
Glenda,Isabelle,Lohwasser,TeamPrimrose!1
Jodee,Joleen,Hylands,TeamPrimrose!1
Lucius,Melody,Turnblom,TeamPrimrose!1
Benito,Miquel,Ericksen,TeamPrimrose!1
Misti,Glennis,Vanzee,TeamPrimrose!1
Anderson,Fidela,Brzezinski,TeamPrimrose!1
Vicki,Helena,Morain,TeamPrimrose!1
Louann,Trinity,Holloman,TeamPrimrose!1
Santiago,Mel,Galano,TeamPrimrose!1
Shelley,Robbin,Farish,TeamPrimrose!1
Melissia,Anne,Chriscoe,TeamPrimrose!1
Loyce,Gil,Dupass,TeamPrimrose!1
Bethany,Merrilee,Spikes,TeamPrimrose!1
Isaac,Petrina,Sillman,TeamPrimrose!1
Valencia,Emiko,Sheilds,TeamPrimrose!1
Lanette,Junie,Pieper,TeamPrimrose!1
Collette,Stacy,Sze,TeamPrimrose!1
Lauren,Stacy,Lagasse,TeamPrimrose!1
Rachel,Sherie,Crusinberry,TeamPrimrose!1
Maribel,Jewel,Adachi,TeamPrimrose!1
Michael,Carlota,Scales,TeamPrimrose!1
Nakia,Ernestine,Raught,TeamPrimrose!1
Eric,Danna,Oceguera,TeamPrimrose!1
Whitley,Alethia,Pemble,TeamPrimrose!1
Audrie,Kristeen,Herceg,TeamPrimrose!1
Meryl,Heather,Beevers,TeamPrimrose!1
Yuette,Sixta,Derentis,TeamPrimrose!1
Dahlia,Karl,Getchius,TeamPrimrose!1
Catrina,Shad,Ready,TeamPrimrose!1
Cassy,Ranee,Kucek,TeamPrimrose!1
Reva,Solange,Donten,TeamPrimrose!1
Anneliese,Efren,Calvery,TeamPrimrose!1
Cherish,Dawn,Lukacs,TeamPrimrose!1
Connie,Simone,Mellinger,TeamPrimrose!1
Raymond,Aurelia,Kronberger,TeamPrimrose!1
Danette,Lester,Widrig,TeamPrimrose!1
Larry,Lorri,Deidrick,TeamPrimrose!1
Deane,Dori,Ching,TeamPrimrose!1
Jacalyn,Major,Boldery,TeamPrimrose!1
Nelia,Stefany,Feder,TeamPrimrose!1
Antoinette,Floria,Grotzinger,TeamPrimrose!1
Candie,Harrison,Goya,TeamPrimrose!1
Lucila,Lana,Ream,TeamPrimrose!1
Verline,Leonora,Kuzara,TeamPrimrose!1
Janay,Lissa,Breitmeyer,TeamPrimrose!1
Ollie,Armando,Wiesen,TeamPrimrose!1
Marilyn,Veronika,Wixted,TeamPrimrose!1
Valrie,Nydia,Charlette,TeamPrimrose!1
Dot,Bobby,Galleno,TeamPrimrose!1
Jessika,Krysta,Palovick,TeamPrimrose!1
Sharell,Margarite,Gularte,TeamPrimrose!1
Marsha,Nakesha,Newberry,TeamPrimrose!1
Spencer,Darline,Luttman,TeamPrimrose!1
Allen,Martin,Konty,TeamPrimrose!1
Zachery,Raye,Wilkoff,TeamPrimrose!1
Alona,Demetria,Zeman,TeamPrimrose!1
Claud,Ginny,Lisenby,TeamPrimrose!1
Roma,Elia,Ruschmann,TeamPrimrose!1
Jan,Thomasina,Ottenwess,TeamPrimrose!1
Nickolas,Catarina,Dicecco,TeamPrimrose!1
Arlyne,Maurita,Benusa,TeamPrimrose!1
Myra,Rocky,Macchiaroli,TeamPrimrose!1
Emilie,Venice,Stoud,TeamPrimrose!1
Diedre,Shana,Hummert,TeamPrimrose!1
Henry,Sammy,Sothen,TeamPrimrose!1
Allan,Alaine,Limburg,TeamPrimrose!1
Florentina,Britni,Altiery,TeamPrimrose!1
Chery,Earnestine,Schauman,TeamPrimrose!1
Arron,Thomasine,Poll,TeamPrimrose!1
Daniell,Myles,Pasquin,TeamPrimrose!1
Fe,Monika,Feliberty,TeamPrimrose!1
Sheilah,Corie,Deglow,TeamPrimrose!1
Mabelle,Miles,Bantillan,TeamPrimrose!1
Joel,Frieda,Rougier,TeamPrimrose!1
Irwin,Wanda,Sepvlieda,TeamPrimrose!1
Beula,Sanora,Manzanares,TeamPrimrose!1
Dianna,Jolene,Poehlein,TeamPrimrose!1
Shonta,Sherice,Lan,TeamPrimrose!1
Ressie,Ouida,Bovian,TeamPrimrose!1
Cristal,Kristopher,Thumm,TeamPrimrose!1
Elza,Tonja,Mourad,TeamPrimrose!1
Christiane,Adrianna,Everette,TeamPrimrose!1
Rita,Carie,Makhija,TeamPrimrose!1
Cinthia,Chantell,Koski,TeamPrimrose!1
Gita,Rosalie,Vorwerk,TeamPrimrose!1
Ernest,Paulene,Lewy,TeamPrimrose!1
Ping,Emmie,Applewhite,TeamPrimrose!1
Benton,Farah,Keefauver,TeamPrimrose!1
Jennell,Lashon,Phoeuk,TeamPrimrose!1
Savanna,Rich,Gwillim,TeamPrimrose!1
Tora,Alexander,Kutil,TeamPrimrose!1
Marty,Waltraud,Elworthy,TeamPrimrose!1
Cecila,Lorie,Herbick,TeamPrimrose!1
Florence,Rob,Kommer,TeamPrimrose!1
Yasuko,Jene,Karsten,TeamPrimrose!1
Awilda,Elsie,Shadwell,TeamPrimrose!1
Freda,Marshall,Berlacher,TeamPrimrose!1
Roberto,Brice,Stricklind,TeamPrimrose!1
Candyce,Lorita,Lashua,TeamPrimrose!1
Danita,Ngoc,Sirolli,TeamPrimrose!1
Cassie,Willetta,Ballin,TeamPrimrose!1
Phebe,Barbera,Savoca,TeamPrimrose!1
Piper,Daria,Tudor,TeamPrimrose!1
Charline,Danyel,Beeson,TeamPrimrose!1
Emmanuel,Colette,Mcmeans,TeamPrimrose!1
Kasey,Sindy,Serge,TeamPrimrose!1
Torrie,Glynis,Fusco,TeamPrimrose!1
Rod,Dottie,Lobel,TeamPrimrose!1
Stefanie,Jamar,Esch,TeamPrimrose!1
Ozella,Saundra,Athayde,TeamPrimrose!1
Douglas,Pearly,Skrobacki,TeamPrimrose!1
Thomasine,Chrystal,Insognia,TeamPrimrose!1
Ines,Malcolm,Ciancio,TeamPrimrose!1
Jacinta,Rodolfo,Cluck,TeamPrimrose!1
Aliza,Wyatt,Calcara,TeamPrimrose!1
Cheryle,Jacques,Alcina,TeamPrimrose!1
Shayna,Cathey,Knapick,TeamPrimrose!1
Karon,Louis,Kinning,TeamPrimrose!1
Laverna,Barrie,Duesterhaus,TeamPrimrose!1
Hilde,Darci,Krallis,TeamPrimrose!1
Anna,Silas,Corella,TeamPrimrose!1
Carmelo,Bettie,Kiesser,TeamPrimrose!1
Claretta,Lawanda,Hasegawa,TeamPrimrose!1
Roselia,Reda,Ortman,TeamPrimrose!1
Rachell,Yadira,Kellogg,TeamPrimrose!1
Lauren,Madlyn,Sterley,TeamPrimrose!1
Maribeth,Karisa,Silverness,TeamPrimrose!1
Shera,Laronda,Crooked,TeamPrimrose!1
Mercy,Jenee,Dagenhart,TeamPrimrose!1
Darnell,Ivana,Beckfield,TeamPrimrose!1
Kena,Aundrea,Abuhl,TeamPrimrose!1
Karri,Marine,Willms,TeamPrimrose!1
Alissa,Eleanore,Zumot,TeamPrimrose!1
Andrea,Thomasena,Hawe,TeamPrimrose!1
Denyse,Lulu,Hawthorn,TeamPrimrose!1
Maryalice,Meaghan,Orengo,TeamPrimrose!1
Abbey,Gaylord,Bostock,TeamPrimrose!1
Tashia,Elias,Kvam,TeamPrimrose!1
Emilio,Winona,Mcroy,TeamPrimrose!1
Lien,Argelia,Digregorio,TeamPrimrose!1
Kendal,Thuy,Kadakia,TeamPrimrose!1
Joann,Altha,Chauvin,TeamPrimrose!1
Concepcion,Louis,Lockheart,TeamPrimrose!1
Katheryn,Deandra,Sandoval,TeamPrimrose!1
Maynard,Kam,Bosse,TeamPrimrose!1
William,Madison,Bruenderman,TeamPrimrose!1
Rosario,Marva,Gilhooley,TeamPrimrose!1
Selma,Gema,Horwitz,TeamPrimrose!1
Wanetta,Annette,Fleenor,TeamPrimrose!1
Sonja,Grover,Rehfeld,TeamPrimrose!1
Na,Alvaro,Herrin,TeamPrimrose!1
Stacey,Elisabeth,Berkley,TeamPrimrose!1
Billye,Hilma,Gates,TeamPrimrose!1
Daine,Sondra,Trulove,TeamPrimrose!1
Althea,Cathleen,Huski,TeamPrimrose!1
Karyl,Lavona,Defazio,TeamPrimrose!1
Raul,Modesta,Detjen,TeamPrimrose!1
Shonna,Mozell,Pretzel,TeamPrimrose!1
Sharilyn,Janel,Gugerty,TeamPrimrose!1
Selena,Ji,Killeen,TeamPrimrose!1
Warner,Leoma,Serice,TeamPrimrose!1
Cecila,Verna,Giordano,TeamPrimrose!1
Eura,Priscila,Mcdonald,TeamPrimrose!1
Loan,Pat,Kretsinger,TeamPrimrose!1
Margart,Izola,Tuorto,TeamPrimrose!1
Edwin,Evelin,Biley,TeamPrimrose!1
Solange,Joya,Guiterrez,TeamPrimrose!1
Penelope,Antony,Shabel,TeamPrimrose!1
Marshall,Thanh,Coots,TeamPrimrose!1
Jeraldine,Anjelica,Harpe,TeamPrimrose!1
Cherryl,Celine,Prazenica,TeamPrimrose!1
Alishia,Arletha,Noblitt,TeamPrimrose!1
Michiko,Shizuko,Millner,TeamPrimrose!1
Maybelle,Maggie,Champine,TeamPrimrose!1
Jenise,Karri,Curatolo,TeamPrimrose!1
Edda,Chong,Grana,TeamPrimrose!1
Glennie,Shena,Fonnesbeck,TeamPrimrose!1
Mary,Sheilah,Herman,TeamPrimrose!1
Stacey,Tabitha,Stemm,TeamPrimrose!1
Shameka,Sparkle,Rindone,TeamPrimrose!1
Annika,Ricarda,Goldbeck,TeamPrimrose!1
Ferne,Juliet,Cordova,TeamPrimrose!1
Phylis,Lillia,Schaeffler,TeamPrimrose!1
Gayla,Evelyne,Heisdorffer,TeamPrimrose!1
Brianne,Charise,Philo,TeamPrimrose!1
Gene,Alfonzo,Evers,TeamPrimrose!1
Marcy,Agnus,Arbo,TeamPrimrose!1
Karoline,Marylee,Ephraim,TeamPrimrose!1
Maryetta,Nikia,Drozdowicz,TeamPrimrose!1
Rory,Jay,Speciale,TeamPrimrose!1
Corrine,Joeann,Korbal,TeamPrimrose!1
Benton,Carlita,Affleck,TeamPrimrose!1
Lela,Maribeth,Mellas,TeamPrimrose!1
Angeles,Maryjane,Yarzabal,TeamPrimrose!1
Cindy,Mickey,Lynah,TeamPrimrose!1
Farrah,Deb,Steigerwalt,TeamPrimrose!1
Adriana,Lesia,Hanley,TeamPrimrose!1
Lillie,Ligia,Haydel,TeamPrimrose!1
Stephine,Brooke,Phurrough,TeamPrimrose!1
Tiesha,Elizabet,Liles,TeamPrimrose!1
Felica,Emile,Riesner,TeamPrimrose!1
Corina,Dante,Oshman,TeamPrimrose!1
Jacqueline,Carroll,Wiechec,TeamPrimrose!1
Jeremy,Kiana,Mennig,TeamPrimrose!1
Columbus,Shelly,Stuckmeyer,TeamPrimrose!1
Filomena,Shawanna,Adamos,TeamPrimrose!1
Inocencia,Marielle,Nilsby,TeamPrimrose!1
Berenice,Herman,Vanskike,TeamPrimrose!1
Ilana,Florrie,Klez,TeamPrimrose!1
Dori,Deadra,Peyser,TeamPrimrose!1
Isreal,Loren,Rathgeb,TeamPrimrose!1
Michael,Carter,Kleier,TeamPrimrose!1
Elmer,Chelsey,Mascroft,TeamPrimrose!1
Pura,Sun,Shipwash,TeamPrimrose!1
Korey,Sherill,Sidman,TeamPrimrose!1
Micha,Robby,Overbee,TeamPrimrose!1
Russell,Elmer,Mazyck,TeamPrimrose!1
Lila,Lovetta,Kraner,TeamPrimrose!1
Lecia,Leonia,Bergren,TeamPrimrose!1
Evon,Denice,Bi,TeamPrimrose!1
Yan,Chin,Dorson,TeamPrimrose!1
Dana,Patsy,Kintz,TeamPrimrose!1
Madie,Monty,Lanier,TeamPrimrose!1
Micah,Kirstie,Hauf,TeamPrimrose!1
Madalyn,Fidela,Burkett,TeamPrimrose!1
Minh,Katharine,Tindol,TeamPrimrose!1
Augustina,Ayanna,Thuman,TeamPrimrose!1
Risa,Joel,Troendle,TeamPrimrose!1
Belinda,Elana,Bolland,TeamPrimrose!1
Cathern,Damaris,Brentari,TeamPrimrose!1
Dora,Hilma,Leck,TeamPrimrose!1
Martina,Larae,Lovensheimer,TeamPrimrose!1
Marlon,Candelaria,Brechtel,TeamPrimrose!1
Caron,Terica,Loter,TeamPrimrose!1
Vicki,Jessika,Ondik,TeamPrimrose!1
Melody,Bruno,Murrieta,TeamPrimrose!1
Aracelis,Rachele,Ferran,TeamPrimrose!1
Lissette,Garry,Monarrez,TeamPrimrose!1
Walter,Stanley,Wekenmann,TeamPrimrose!1
Barbar,Fletcher,Benney,TeamPrimrose!1
Anibal,Charita,Luebbers,TeamPrimrose!1
Adrianne,Marcel,Fallaw,TeamPrimrose!1
Carlo,Qiana,Hallman,TeamPrimrose!1
Hyon,Rene,Bottini,TeamPrimrose!1
Bert,Stephania,Lesch,TeamPrimrose!1
Vita,Melissia,Vanproosdy,TeamPrimrose!1
Hubert,Corey,Pipkin,TeamPrimrose!1
Kiyoko,Jacque,Goodall,TeamPrimrose!1
Corazon,Dalene,Moyd,TeamPrimrose!1
Rex,Annalee,Sornsen,TeamPrimrose!1
Garnet,Dorothy,Fickbohm,TeamPrimrose!1
Micki,Sol,Fanizza,TeamPrimrose!1
Breanna,Hang,Whtie,TeamPrimrose!1
Saran,Annika,Bakeley,TeamPrimrose!1
Annalee,Jammie,Petite,TeamPrimrose!1
Angelique,Danica,Domenico,TeamPrimrose!1
Kathy,Jackson,Spraglin,TeamPrimrose!1
Chere,Bobbie,Friesen,TeamPrimrose!1
Cammie,Augustine,Barnaba,TeamPrimrose!1
Nakia,Allene,Cardin,TeamPrimrose!1
Melvin,George,Burdeshaw,TeamPrimrose!1
Lester,Anderson,Benscoter,TeamPrimrose!1
Miquel,Nicolasa,Mchugh,TeamPrimrose!1
Maurine,Jessika,Benek,TeamPrimrose!1
Keena,Deidre,Endres,TeamPrimrose!1
Tiffiny,Edwin,Pulver,TeamPrimrose!1
Steven,Donnie,Buschner,TeamPrimrose!1
Dessie,Florrie,Cordenas,TeamPrimrose!1
Teofila,Lanell,Goldsberry,TeamPrimrose!1
Abbey,Lajuana,Fugitt,TeamPrimrose!1
Shantel,Lance,Chester,TeamPrimrose!1
Marti,Xiao,Mcdannold,TeamPrimrose!1
Tess,Zackary,Fucci,TeamPrimrose!1
Cecily,Guillermina,Groshong,TeamPrimrose!1
Richard,Simone,Tynio,TeamPrimrose!1
Judi,Maile,Dotter,TeamPrimrose!1
Olene,Dana,Boullion,TeamPrimrose!1
Lannie,Ronald,Glickman,TeamPrimrose!1
Travis,Nina,Ienco,TeamPrimrose!1
Anabel,Sabra,Hollington,TeamPrimrose!1
Murray,Charlott,Soros,TeamPrimrose!1
Cathleen,Merle,Demasters,TeamPrimrose!1
Claud,Maxine,Ventresca,TeamPrimrose!1
Dwain,Lana,Pong,TeamPrimrose!1
Andria,Hettie,Geers,TeamPrimrose!1
Chae,Ellan,Jernberg,TeamPrimrose!1
Evette,Lanora,Majersky,TeamPrimrose!1
Margorie,Keren,Loncaric,TeamPrimrose!1
Georgianne,Christia,Hai,TeamPrimrose!1
Angel,Kris,Selke,TeamPrimrose!1
Lucius,Long,Schnackel,TeamPrimrose!1
Tajuana,Traci,Frame,TeamPrimrose!1
Naomi,Christeen,Dunemn,TeamPrimrose!1
Kory,Nathan,Witzel,TeamPrimrose!1
Scott,Kandy,Wesler,TeamPrimrose!1
Gladys,Jerry,Schott,TeamPrimrose!1
Shayne,Noah,Leeming,TeamPrimrose!1
Tera,Jerrie,Gebhart,TeamPrimrose!1
Paz,Carissa,Alvarenga,TeamPrimrose!1
Mitchell,Talisha,Yasika,TeamPrimrose!1
Katharine,Deadra,Pasculli,TeamPrimrose!1
Willow,Jonell,Malich,TeamPrimrose!1
Zackary,Leatha,Bussman,TeamPrimrose!1
Randa,Lorelei,Hunnell,TeamPrimrose!1
Cassie,Simone,Foutain,TeamPrimrose!1
Olympia,Kasha,Reiher,TeamPrimrose!1
Rey,Francis,Strazza,TeamPrimrose!1
Andree,Jinny,Salum,TeamPrimrose!1
Cristina,Pei,Murawski,TeamPrimrose!1
Charlie,Deeann,Vyas,TeamPrimrose!1
Noella,Jackie,Bankes,TeamPrimrose!1
Anitra,Mark,Bazzel,TeamPrimrose!1
Skye,Yon,Ruckdeschel,TeamPrimrose!1
Phuong,Galina,Kreul,TeamPrimrose!1
Theodora,Sharri,Pettersen,TeamPrimrose!1
Marlena,Nadia,Innocenti,TeamPrimrose!1
Nadine,Lourdes,Piccolo,TeamPrimrose!1
Jaleesa,Fatimah,Dodoo,TeamPrimrose!1
Destiny,Herschel,Hollinsworth,TeamPrimrose!1
Rowena,Rico,Whipp,TeamPrimrose!1
Tiera,Tanisha,Vanscoik,TeamPrimrose!1
Theo,Denny,Noakes,TeamPrimrose!1
Echo,Karisa,Lazard,TeamPrimrose!1
Carmel,Ashleigh,Erskine,TeamPrimrose!1
Patience,Cathy,Noud,TeamPrimrose!1
Liz,Eusebia,Nordsiek,TeamPrimrose!1
Mike,Ken,Skene,TeamPrimrose!1
Lanie,Jake,Chacon,TeamPrimrose!1
Velma,Jewell,Dudziak,TeamPrimrose!1
Jennie,Xuan,Uhlich,TeamPrimrose!1
Dominique,Alena,Shetlar,TeamPrimrose!1
Dewayne,Matilda,Riecke,TeamPrimrose!1
Karla,Ema,Bloch,TeamPrimrose!1
Johnna,Pei,Winemiller,TeamPrimrose!1
Jordan,Taren,Shaikh,TeamPrimrose!1
Junko,Lajuana,Phetphongsy,TeamPrimrose!1
Sherlyn,Gena,Vayon,TeamPrimrose!1
Rolanda,Julietta,Raquel,TeamPrimrose!1
Bradly,Eun,Starkson,TeamPrimrose!1
Elliott,Colin,Grasser,TeamPrimrose!1
Emilie,Maude,Calvert,TeamPrimrose!1
Bobbie,Chloe,Mcbride,TeamPrimrose!1
Herschel,Claud,Collett,TeamPrimrose!1
Felicita,Paulina,Marte,TeamPrimrose!1
Almeta,Clayton,Tullis,TeamPrimrose!1
Loretta,Jay,Duchon,TeamPrimrose!1
Enola,Valorie,Schuermann,TeamPrimrose!1
Lupita,Sang,Zeek,TeamPrimrose!1
Felipa,Morris,Matuszek,TeamPrimrose!1
Willie,Lindsay,Helems,TeamPrimrose!1
Armida,Misha,Conwell,TeamPrimrose!1
Yasmine,Alverta,Nunziata,TeamPrimrose!1
Merrill,Rosella,Demuth,TeamPrimrose!1
Aurelio,Jenette,Dessecker,TeamPrimrose!1
Shyla,Yuri,Muraski,TeamPrimrose!1
Cinthia,Tressa,Caborn,TeamPrimrose!1
Nathan,Joselyn,Sitra,TeamPrimrose!1
Jack,Fonda,Hoffler,TeamPrimrose!1
Fleta,Thi,Nguy,TeamPrimrose!1
Gayla,Lindsay,Schallig,TeamPrimrose!1
Niesha,Leonida,Babbin,TeamPrimrose!1
Hattie,Jeanelle,Tall,TeamPrimrose!1
Alessandra,Jude,Mytych,TeamPrimrose!1
Lissa,Lilly,Aronov,TeamPrimrose!1
Li,Consuelo,Precise,TeamPrimrose!1
Shandi,Shawana,Major,TeamPrimrose!1
Genny,Chiquita,Niemitzio,TeamPrimrose!1
Mathew,Londa,Anchondo,TeamPrimrose!1
Traci,Yuonne,Thate,TeamPrimrose!1
Margarita,Brynn,Esmay,TeamPrimrose!1
Julian,Percy,Sangren,TeamPrimrose!1
Brigitte,Conception,Bhatnagar,TeamPrimrose!1
Anika,Terrance,Tardy,TeamPrimrose!1
Yetta,Mia,Witthoft,TeamPrimrose!1
Terrilyn,Harriet,Pheasant,TeamPrimrose!1
Christy,Pat,Hoschek,TeamPrimrose!1
Gene,Arla,Landes,TeamPrimrose!1
Lyda,Bailey,Sawhill,TeamPrimrose!1
Irma,Alyse,Knobbe,TeamPrimrose!1
Leonardo,Vennie,Antolak,TeamPrimrose!1
Blossom,Scottie,Hesselink,TeamPrimrose!1
Sherril,Teofila,Barski,TeamPrimrose!1
Asa,Sophie,Knecht,TeamPrimrose!1
Allyn,Meagan,Blea,TeamPrimrose!1
Brigette,Alvina,Gentile,TeamPrimrose!1
Kallie,Lemuel,Stockner,TeamPrimrose!1
Vivan,Golda,Greising,TeamPrimrose!1
Arnita,Mckenzie,Lockie,TeamPrimrose!1
Sonny,Barrett,Saltmarsh,TeamPrimrose!1
Bella,Shameka,Roath,TeamPrimrose!1
Shannon,Dawne,Koopman,TeamPrimrose!1
Juan,Manda,Grabowiecki,TeamPrimrose!1
Ilse,Karl,Westbrook,TeamPrimrose!1
Sulema,Cari,Waynick,TeamPrimrose!1
Renita,Bernie,Dardy,TeamPrimrose!1
Annalisa,Althea,Jadoo,TeamPrimrose!1
Olevia,Bruno,Margaitis,TeamPrimrose!1
Daisey,Krysta,Chaleun,TeamPrimrose!1
Arnette,Jeffrey,Deschner,TeamPrimrose!1
Arletta,Gladys,Belli,TeamPrimrose!1
Tanna,Carlita,Rosal,TeamPrimrose!1
Jean,Micheal,Gegenheimer,TeamPrimrose!1
Rima,Millie,Candelario,TeamPrimrose!1
Berta,Stephen,Limbach,TeamPrimrose!1
Etsuko,Wilda,Cucchiara,TeamPrimrose!1
Rickey,Jose,Castejon,TeamPrimrose!1
Estela,Jonah,Sayco,TeamPrimrose!1
Elwood,Paula,Nordby,TeamPrimrose!1
Bo,Indira,Grijalva,TeamPrimrose!1
Coy,Manie,Eskenazi,TeamPrimrose!1
Jacquelyn,Clemmie,Maditz,TeamPrimrose!1
Gena,Mika,Voth,TeamPrimrose!1
Connie,Alia,Oblow,TeamPrimrose!1
Laverne,Mohammed,Prisock,TeamPrimrose!1
Jewel,Kenisha,Stoyanoff,TeamPrimrose!1
Stephine,Margurite,Gabriele,TeamPrimrose!1
Gertie,Aleshia,Baisch,TeamPrimrose!1
Adriene,Arianne,Slota,TeamPrimrose!1
Virgil,Paulette,Milder,TeamPrimrose!1
Mitsuko,Cyrus,Evick,TeamPrimrose!1
Carlie,Tori,Hazelton,TeamPrimrose!1
Pura,Tony,Gasmen,TeamPrimrose!1
Lazaro,Lesa,Outwater,TeamPrimrose!1
Marci,Blake,Kernodle,TeamPrimrose!1
Jennette,Zoe,Clubb,TeamPrimrose!1
Katharina,Flo,Bomilla,TeamPrimrose!1
Meta,Effie,Cromuel,TeamPrimrose!1
Valery,Gretchen,Wlodarczyk,TeamPrimrose!1
Ryann,Bethany,Delossantos,TeamPrimrose!1
Nicole,Lynette,Dille,TeamPrimrose!1
Sterling,Jody,Duncanson,TeamPrimrose!1
Leslie,Vincent,Hair,TeamPrimrose!1
Corrine,Nicol,Toto,TeamPrimrose!1
Brunilda,Evelina,Liversedge,TeamPrimrose!1
Renee,Nicole,Meler,TeamPrimrose!1
Mamie,Malisa,Vitiello,TeamPrimrose!1
Madelyn,Marvis,Kapfer,TeamPrimrose!1
Aracely,Tierra,Swonke,TeamPrimrose!1
Ethan,Vern,Chehebar,TeamPrimrose!1
Santiago,Ilene,Lytch,TeamPrimrose!1
Delia,Brinda,Cardoso,TeamPrimrose!1
Roy,Florentino,Deacy,TeamPrimrose!1
Lilly,Shad,Hillhouse,TeamPrimrose!1
Cathie,Ernie,Bedney,TeamPrimrose!1
Scotty,Sherilyn,Eikner,TeamPrimrose!1
Belinda,Deidre,Malleck,TeamPrimrose!1
Joshua,Avery,Krassow,TeamPrimrose!1
Kasi,Nubia,Heartsill,TeamPrimrose!1
Zoraida,Barbra,Guenthner,TeamPrimrose!1
Tawna,Jasper,Mostoller,TeamPrimrose!1
Ingeborg,Jason,Eskaran,TeamPrimrose!1
Linnea,Roscoe,Chenail,TeamPrimrose!1
Jodi,Johanna,Brause,TeamPrimrose!1
Lashay,Ike,Alterman,TeamPrimrose!1
Jeanmarie,Herb,Pait,TeamPrimrose!1
Dian,Anastasia,Zawistowski,TeamPrimrose!1
Minta,Melva,Plair,TeamPrimrose!1
Frances,Kyle,Locken,TeamPrimrose!1
Sidney,Christoper,Pine,TeamPrimrose!1
Corina,Mellie,Sears,TeamPrimrose!1
Garth,Dorla,Sedgwick,TeamPrimrose!1
Haywood,Adriane,Skarke,TeamPrimrose!1
Maurine,Vonda,Pouk,TeamPrimrose!1
Nanette,Adelaide,Honan,TeamPrimrose!1
Louetta,Marcelle,Mungo,TeamPrimrose!1
Jenae,Merideth,Botkin,TeamPrimrose!1
Titus,Sherie,Stalberger,TeamPrimrose!1
Grayce,Raelene,Propheter,TeamPrimrose!1
Fredrick,Cora,Holtzman,TeamPrimrose!1
Johnathan,Johanna,Manross,TeamPrimrose!1
Lannie,Malcom,Lu,TeamPrimrose!1
Nickole,Betty,Kiening,TeamPrimrose!1
Aundrea,Felecia,Sengstock,TeamPrimrose!1
Teressa,Felisha,Ceniceros,TeamPrimrose!1
Jerry,Jani,Bassani,TeamPrimrose!1
Rhett,Dawne,Scripps,TeamPrimrose!1
Sau,Jacquelynn,Calger,TeamPrimrose!1
Goldie,Felica,Bartel,TeamPrimrose!1
Season,Zina,Satow,TeamPrimrose!1
Terra,Chantal,Ayotte,TeamPrimrose!1
David,Demetrius,Derian,TeamPrimrose!1
Kimberly,Kaitlin,Kalbach,TeamPrimrose!1
Judie,Catrina,Muenzenberger,TeamPrimrose!1
Tomiko,Robbie,Bloczynski,TeamPrimrose!1
Michaela,Esther,Tigar,TeamPrimrose!1
Lizbeth,Maria,Kivela,TeamPrimrose!1
Rupert,Buck,Courts,TeamPrimrose!1
Inga,Sherryl,Mccain,TeamPrimrose!1
Queen,Karole,Mcclune,TeamPrimrose!1
Miss,Ashlea,Calvi,TeamPrimrose!1
Isaura,Theresa,Bartman,TeamPrimrose!1
Carmel,Shanelle,Bahrke,TeamPrimrose!1
Laronda,Isidra,Dymond,TeamPrimrose!1
Slyvia,Toby,Skoog,TeamPrimrose!1
Sherrill,Henry,Gallogly,TeamPrimrose!1
Jaquelyn,Otto,Urban,TeamPrimrose!1
Wanetta,Anitra,Lizama,TeamPrimrose!1
Fidel,Shila,Vinall,TeamPrimrose!1
Madalene,Kristian,Polyak,TeamPrimrose!1
Synthia,Arletta,Boria,TeamPrimrose!1
Aimee,Mariel,Robel,TeamPrimrose!1
Kendall,Amelia,Derasmo,TeamPrimrose!1
Robin,Sung,Judon,TeamPrimrose!1
Edmundo,Lavern,Wellenstein,TeamPrimrose!1
Jeanne,Louanne,Fallie,TeamPrimrose!1
Benita,Shari,Orourke,TeamPrimrose!1
Gail,Cherrie,Nagel,TeamPrimrose!1
Dallas,Marcellus,Fitzpatrick,TeamPrimrose!1
Cristopher,Jacklyn,Benno,TeamPrimrose!1
Mozella,Criselda,Soward,TeamPrimrose!1
Freeman,Silvia,Neblett,TeamPrimrose!1
Ona,Freida,Noblitt,TeamPrimrose!1
Antonia,Elenore,Maggio,TeamPrimrose!1
Dolores,Sonia,Alagna,TeamPrimrose!1
Shiloh,Rosena,Blackshear,TeamPrimrose!1
Tran,Karisa,Hoerner,TeamPrimrose!1
Justin,Gaynelle,Gundert,TeamPrimrose!1
Kenya,Sun,Paulauskis,TeamPrimrose!1
Ginette,Hae,Lenza,TeamPrimrose!1
Aubrey,Kaye,Gemmell,TeamPrimrose!1
Myesha,Pablo,Bristo,TeamPrimrose!1
Sang,Velvet,Wellenstein,TeamPrimrose!1
Faustina,Brice,Shofestall,TeamPrimrose!1
Muriel,Shayne,Yusuf,TeamPrimrose!1
Mirella,Rosalind,Rinaldis,TeamPrimrose!1
Shavonne,Henry,Hysom,TeamPrimrose!1
Sal,Louetta,Chudzinski,TeamPrimrose!1
Brian,Lecia,Kiper,TeamPrimrose!1
Debbi,Davina,Cianciulli,TeamPrimrose!1
Judson,Lavon,Blanchett,TeamPrimrose!1
Les,Serena,Hrapski,TeamPrimrose!1
Marylin,Delores,Cofran,TeamPrimrose!1
Abbie,Kasey,Stoudymire,TeamPrimrose!1
Lilla,Ada,Slark,TeamPrimrose!1
Marcie,Lilia,Burnside,TeamPrimrose!1
Wendolyn,Kina,Delfs,TeamPrimrose!1
Salina,Kathrin,Hendee,TeamPrimrose!1
Kamala,Myrle,Ledwell,TeamPrimrose!1
Bernardo,Cody,Wonser,TeamPrimrose!1
Chrissy,Jaymie,Brinius,TeamPrimrose!1
