Carmon,Telma,Koschnitzki,735921241,September 26 1964
Ezra,Teri,Brozena,349100954,June 1 1972
Gaylord,Rosario,Blauman,850276110,February 28 1969
Graig,Bret,Badertscher,270777113,April 12 1990
So,Aida,Fenchel,788016788,April 11 1968
Jackeline,Ricki,Schoelman,297140323,March 14 1996
Jeff,Jamel,Taha,490778517,January 9 1992
Bridgette,Leonie,Illovsky,710129179,September 3 1962
Dominga,Joanie,Darwish,762148147,December 20 1952
Sharyn,Farah,Ruscetti,450021094,October 1 1971
Teressa,Malcolm,Earney,456496962,September 28 1993
Tamekia,Darrell,Buehner,789354215,February 16 1951
Camila,Jimmy,Troll,240934790,November 1 1958
Judy,Carolina,Zapel,951884994,October 14 1990
Mahalia,Victorina,Greenidge,347769928,October 5 1983
Mozella,Shavonda,Crandall,996027509,October 26 1966
Harold,Greta,Tag,143052653,February 20 1970
Lou,Traci,Rohleder,656377665,June 13 1973
Nichol,Ginger,Nagler,524092711,August 20 1992
Ivan,Hedy,Rogas,554703767,October 25 1978
Daniel,Marion,Lapari,577324124,January 1 1966
Matt,Madelene,Stander,204454529,September 25 1993
Lovella,Alleen,Mccarroll,509283779,August 19 1950
Rivka,Dakota,Boehler,683853835,November 18 1954
Mark,Stefany,Kindred,944196160,March 2 1984
Deandra,Benita,Bible,302662665,September 21 1964
Shay,Gita,Heaslip,927832856,June 24 1953
Marcy,Lucinda,Sarette,139524518,September 4 1980
Tyisha,Junior,Varrelman,509737832,September 6 1992
Rima,Millie,Foertsch,850491350,August 1 1956
Latarsha,Flo,Bothof,295071858,April 30 1964
Nena,Ulrike,Melusky,407058660,October 8 1960
Val,Hellen,Pankhurst,768401717,July 24 1955
Coleman,Benedict,Nono,593216935,April 1 1970
Luella,Samual,Jenner,129610521,September 10 1950
Hong,Gennie,App,697232407,February 21 1958
Travis,Justa,Loque,136282095,June 30 1992
Mac,Alexander,Rigerman,763873897,January 26 1991
Zita,Alec,Phinney,986653843,August 9 1957
Yael,Marquitta,Branden,707560964,June 11 1954
Jimmy,Hilton,Buschman,876465794,February 11 1994
Cher,Toccara,Guidaboni,924566337,October 28 1977
Leon,Kathrine,Shufelt,625370406,June 30 1962
Lynetta,Angla,Shinsky,623293593,March 9 1972
Roseanna,Lekisha,Jungels,652310161,April 11 1981
Andera,Lashay,Koegler,323291567,January 12 1984
Simona,Dusty,Irani,922404910,July 26 1989
Leslee,Lavina,Wilbourne,155763490,December 30 1952
Mavis,Clayton,Daoud,333095922,September 26 1961
Lorette,Aisha,Kostohryz,747778493,June 22 1997
Lavada,Dennise,Taillon,426930435,July 7 1967
Chang,Olen,Kimel,248277336,November 22 1990
Shemika,Kaley,Kiedrowski,639490434,June 27 1986
Una,Russell,Seigworth,182551540,June 25 1984
Kathryne,Jeni,Chirinos,820310762,February 20 1958
Javier,Olimpia,Ohlmann,621623882,July 10 1986
Carmen,Alaina,Littleton,713621055,July 14 1974
Amira,Rowena,Gibala,259512355,March 29 1970
Despina,Thurman,Vilanova,795494261,December 28 1956
Dusty,Gabriel,Proue,482550889,March 5 1965
Stefan,Merna,Uballe,530295715,May 25 1993
Rayna,Eliz,Robbert,335788784,February 1 1973
Ignacia,Blythe,Streitenberge,607686729,January 22 1976
Adalberto,Eve,Prestwich,779203570,September 14 1954
Britt,Florida,Boitel,232021527,November 30 1950
Chi,Lenore,Dine,635432179,February 18 1971
Myra,Edwin,Georgales,368651108,July 25 1987
Wilhemina,Mac,Sary,457537948,May 31 1996
Bessie,Joseph,Brohawn,970960606,March 24 1952
Joana,Yolonda,Nannie,853751983,October 6 1993
Jennette,Summer,Caracso,762157774,May 25 1960
Gregorio,Chana,Mulqueen,552116435,March 18 1975
Rozanne,Josh,Duchane,475825297,October 5 1974
Larraine,Graham,Bodnar,244657808,November 12 1976
Dorie,Jordon,Siddon,947660234,December 17 1974
Shalanda,Takako,Goolman,333462868,July 13 1963
Janna,Robt,Felmet,830953498,April 12 1957
Jackelyn,Twyla,Rhein,392336405,December 16 1983
Larae,Tiera,Paisley,693196393,January 1 1964
Charles,Wenona,Schlicht,732298854,June 3 1988
Buster,Russell,Dewulf,558417785,February 4 1988
Mandy,Deshawn,Clairday,608923401,November 26 1990
Dyan,Pauline,Venditto,936816561,April 21 1989
Marguerita,Angelika,Mcfarlin,368502152,June 19 1985
Melani,Vita,Garcia,832010722,April 30 1990
Monika,Carroll,Deacy,499536105,June 26 1985
Aubrey,Jeramy,Peavy,418515285,October 8 1995
Matilda,Shawanda,Bussani,229523304,October 7 1997
Sam,Francis,Swanteck,524311703,February 6 1993
Liane,Beatrice,Tengben,995116074,April 27 1979
Shonda,Harris,Lineman,351694534,July 18 1974
Clarence,Elias,Goehringer,169265450,March 22 1995
Cindy,Beverly,Manecke,994778998,July 19 1982
Jewel,Sun,Kresal,571987203,June 12 1975
Merlyn,Mignon,Lemkau,314611672,February 14 1989
Larry,Genie,Biby,834077143,November 22 1994
Rodney,Sharita,Porath,967924086,December 14 1977
Otilia,Latosha,Ricenberg,354866707,October 21 1963
Priscila,Julissa,Rattley,138066970,December 10 1962
Dagmar,Sabina,Prusinski,467527703,May 18 1981
Brandee,Christel,Hrbacek,126113582,April 19 1959
Deandrea,Carmelo,Drozdowski,937274094,December 16 1986
Carlita,Esta,Tansil,245759929,November 6 1990
Aurore,Tommy,Argumedo,800028553,October 2 1994
Marnie,Pasty,Loury,451407187,April 2 1988
Antonia,David,Mctiernan,349864494,December 29 1966
Johnny,Suzette,Dippery,368295995,July 30 1983
Willy,Keiko,Sweley,993134392,April 11 1951
Kate,Wilda,Osman,395078780,August 13 1955
Vivienne,Melida,Linsky,263170404,January 2 1973
Irena,Roberto,Landing,500749795,October 6 1951
Yvonne,Jacquie,Howle,181501598,June 9 1955
Porter,Porter,Eldrige,632080354,April 20 1968
Loren,Perry,Winthrop,726567389,June 12 1968
Mira,Teofila,Dok,306992540,April 18 1966
Darren,Quinn,Sessa,838001788,April 4 1955
Kirsten,Glenn,Oehlert,470697729,February 9 1990
Mellie,Lula,Hollinrake,719986740,January 28 1988
Charlena,Nella,Bernabei,891666653,October 21 1965
Dario,Jalisa,Williamon,579382093,November 17 1983
Rickie,Alexis,Manker,435009354,September 18 1964
Angel,Portia,Emshwiller,128979997,February 14 1971
Tama,Joe,Schlaack,862741680,February 21 1984
Dean,Nedra,Finwall,731133962,February 11 1985
Sabra,Haywood,Salas,519498268,December 7 1970
Shakita,John,Mikes,347196919,February 22 1951
Dion,Nana,Tatro,894011059,March 12 1977
Alla,Delisa,Wigren,180876322,October 27 1952
Yolonda,Merry,Mcdugle,431280583,January 6 1987
Trenton,Latrina,Palenik,363171221,May 7 1970
Tracee,Duane,Faulkes,267690488,January 27 1954
Mamie,Carrie,Hallett,569578685,December 10 1990
Pearle,Kassie,Tovar,285901877,October 29 1979
Jovan,Matilda,Ruderman,900514707,December 18 1996
Adelia,Loan,Kutcher,332454085,June 26 1971
Markus,Lawrence,Hausen,499344406,April 25 1996
Yong,Mari,Tande,107516454,January 21 1979
Palmira,Burton,Lagerman,652202991,April 27 1996
Jody,Yolando,Colp,151795283,January 23 1989
Will,Miguel,Baize,175243683,January 18 1954
Sherika,Shirl,Rintharamy,503502482,January 24 1978
Cheryll,Jinny,Gabrel,280592769,February 4 1980
Gwenn,Xochitl,Cappetta,341525711,October 22 1970
Ayako,Venice,Etheredge,946830182,June 4 1958
Santana,Eliz,Contras,637179360,May 16 1969
Dorcas,Alphonse,Chiara,145142499,February 13 1961
Lia,Hosea,Kilmartin,703525213,October 16 1982
Aja,Lorie,Adamson,672495575,January 10 1953
Allan,Denese,Cuoco,110282114,August 7 1985
Jed,Gwenda,Braham,969515943,May 10 1969
Bettie,Harrison,Bauers,955532870,August 3 1995
Nichole,Amira,Verros,796709476,June 29 1978
Hyacinth,Dale,Pedone,789210637,June 2 1994
Stormy,Sylvester,Stapel,168829358,September 4 1961
Sallie,Shawn,Fitchpatrick,733818948,August 22 1979
Joey,Marie,Mcintrye,506463082,March 22 1985
Annett,Bernie,Ciarletta,865810056,August 8 1993
Kandace,Santiago,Grussing,426260504,January 22 1995
Modesta,Gudrun,Polashek,907003998,July 18 1956
Deon,Martin,Leblond,418878670,June 11 1966
Maisha,Estella,Bussman,834551714,September 28 1950
Ronna,Nakesha,Taybron,636069925,February 14 1961
Julian,Brinda,Reamy,685091530,April 12 1980
Mauricio,Dorathy,Fitgerald,146966433,September 25 1955
Lucie,Boyce,Mccree,593472612,June 6 1952
Terrell,Lashell,Kuchenmeister,717291307,June 5 1973
Rolando,Monty,Maple,937957295,July 21 1989
Kurtis,Miquel,Blakelock,194905548,February 8 1993
Anastacia,Sebastian,Palk,736094228,January 14 1977
Tran,Garland,Aures,548930447,December 5 1969
Myrtice,Sean,Reilly,552088019,December 12 1981
Jewell,Thersa,Matranga,947994877,August 9 1984
Rosemarie,Violette,Hok,595780289,October 14 1971
Dane,Napoleon,Stritzinger,183468922,May 23 1979
Alberta,Elyse,Boisclair,453289135,August 4 1962
Sidney,Denita,Mcglocklin,245563928,August 22 1981
Kirby,Cindie,Gerken,732605895,December 9 1989
Hien,Ranae,Kristy,160800866,April 3 1954
Dorathy,Georgann,Oar,206381050,January 1 1968
Stacie,Garnet,Pleitez,957654124,June 10 1978
Verona,Celinda,Strohm,815799142,July 1 1969
Sylvia,Edgardo,Ouellete,369438195,January 7 1992
Mafalda,Creola,Wendorff,970579890,June 7 1959
Leota,Brook,Wekenborg,728174425,March 19 1960
Frank,Jinny,Nahl,952179174,December 31 1973
Natasha,Twanna,Critz,785901418,July 19 1950
Karlene,Santos,Tront,841309010,July 7 1981
Terry,Viviana,Ulich,598505826,March 6 1992
Altagracia,Danielle,Hailey,642753394,June 5 1962
Ranee,Margurite,Dormer,466670725,August 28 1969
Lala,Joe,Pastula,345613673,August 4 1960
Melania,Clarita,Gulbrandsen,886172893,February 27 1993
Tatum,Francisca,Pa,515749415,January 3 1991
Cheryl,Georgina,Putz,269903581,August 4 1982
Anna,Marcus,Riviezzo,179151710,March 6 1995
Charita,Suzy,Crusoe,763220497,August 6 1958
Alix,Mercedes,Nicley,984845921,July 10 1984
Louisa,Nathan,Roever,346332385,October 31 1964
Kellee,Bo,Carmicheal,677909249,September 19 1963
Lilia,Rhoda,Herriot,658328496,June 28 1984
Sandy,Keisha,Nunnelee,416229577,October 22 1989
Rubi,Meagan,Troup,360337501,July 14 1965
Kayla,Loren,Augustus,407340657,July 1 1971
Belva,Chrissy,Emeche,395466217,April 21 1986
Herschel,Margery,Deen,757343803,January 27 1952
Armando,Barbara,Arnau,183148477,May 27 1993
Herschel,Samual,Sperlich,825558687,July 24 1974
Margurite,Hsiu,Piantanida,780033510,November 7 1956
Wynell,Paris,Plasse,283808149,August 4 1968
Caprice,Britni,Tronnes,140457629,March 20 1987
Marcella,Kay,Mcconathy,335500373,March 15 1974
Lou,Awilda,Stubbolo,850954749,February 5 1986
Sparkle,Kristopher,Casacchia,958975470,July 6 1957
Ayako,Mireya,Quist,196437927,March 21 1976
Tijuana,Bennie,Quest,483670878,June 28 1966
Alfreda,Candace,Gandhy,234086166,March 7 1981
Vickie,Maida,Magera,972957380,October 8 1973
Justin,Estelle,Indeck,315238493,January 27 1983
Georgiana,Bianca,Marcoguisepp,190118141,June 7 1957
Magdalen,Walton,Doub,258567022,September 21 1988
Santos,Robt,Privado,934686649,December 15 1967
Lavona,Johnsie,Hudecek,659488561,November 29 1988
Long,Marquis,Silvano,705716437,March 10 1990
Karly,Savannah,Perrott,933389211,March 10 1964
Zenaida,Benny,Diez,831698559,November 23 1969
Marianne,Renna,Dubuc,163172434,January 17 1955
Fredda,Deedee,Stumpf,888638586,April 17 1962
Contessa,Lesa,Forbs,926479806,July 5 1967
Kathrine,Jacob,Klingen,447801656,December 8 1979
Emery,Kyung,Cottam,753445301,March 10 1969
Buena,Sarita,Harradine,372071356,November 17 1967
Rosalee,Winston,Dekrey,942985258,February 8 1972
Christeen,Mistie,Bagdon,738671195,May 28 1992
Deloise,Krystal,Houle,692541339,December 4 1951
Shalanda,Angeles,Lancz,559780376,December 12 1953
Ettie,Tomiko,Clabough,863215527,November 13 1981
Wei,Holly,Pucci,709637303,November 15 1960
Meridith,Conchita,Piehler,466883288,May 12 1990
Zulma,Vergie,Staneart,935055809,April 8 1976
Wilson,Eugena,Oyler,973851373,April 27 1960
Lorri,Asia,Hagman,818553095,November 21 1959
Margarito,Anton,Levister,765833924,January 20 1993
Georgina,Jarvis,Gushard,301871505,August 21 1962
Frankie,King,Tippett,108536927,January 30 1950
Alverta,Rocky,Mezzina,439615841,February 9 1961
Cindi,Marx,Yacono,967237494,March 31 1972
Antoinette,Roxanne,Ciesluk,494765370,April 21 1988
Lolita,Cherly,Aurrichio,505874579,November 17 1954
Shaunte,Staci,Beranek,771378166,July 6 1992
Una,Alissa,Belling,180980843,August 1 1986
Willette,Twana,Bosack,796000467,April 5 1992
Sharan,Wesley,Makino,594108822,April 25 1957
Marci,Waldo,Bruess,353924175,January 2 1973
Vincenza,Deeanna,Gradwell,895261158,August 29 1973
Meta,Anissa,Bessent,784991139,April 2 1970
Mindy,Willa,Huffines,622429972,January 7 1983
Shaniqua,Kathie,Maskaly,676298667,January 18 1988
Susan,Hank,Smigel,523079238,May 26 1953
Rubye,Andrew,Rohlf,415779841,November 18 1969
Corrina,Loyd,Wyzard,978848291,February 24 1968
Berry,Salvatore,Schnobrich,905766124,May 8 1972
Christopher,Kathyrn,Boyack,658684371,May 16 1967
Magali,Shizuko,Hitzler,473526072,February 1 1994
Gilberte,Eloy,Brussell,263983691,January 13 1980
Sammy,Alexia,Swedberg,255339099,May 25 1973
Rana,Georgiann,Rosca,225278563,June 12 1954
Leontine,Galen,Keilholtz,300519304,March 2 1971
Casey,Loyce,Alpert,728885650,August 2 1956
Clemencia,Kathrine,Wiklund,825254442,October 7 1965
Jacquelin,Melida,Bruffee,926245260,April 1 1981
Dara,Johnny,Quiles,606153996,February 8 1965
Maryjane,Bill,Canson,733142321,March 12 1994
India,Jessika,Brassil,207688245,April 19 1980
Tyler,Catherin,Paszkiewicz,302499792,May 10 1997
Dwana,Celestina,Glaves,483605054,October 31 1968
Gidget,Marlena,Sumrow,937057843,March 27 1952
Lachelle,Romona,Robidoux,631989759,January 27 1982
Rosann,Carrol,Gerwin,648265117,March 21 1952
Justa,Vernice,Line,548618500,April 28 1977
Lupe,Oralee,Markwell,208570690,October 29 1955
Lien,Alejandrina,Faykosh,450076585,August 16 1994
Gudrun,Sandi,Wegmann,546659695,May 7 1987
Shantelle,Malik,Lapuerta,192882242,April 23 1964
Mattie,Fe,Abel,401856160,February 3 1954
Curt,Bud,Cornella,218373071,June 13 1959
Lavina,Shayna,Pesnell,154939778,January 29 1982
Lang,Tuan,Bloemer,805868240,November 3 1978
Lajuana,Jackqueline,Osayande,750199998,December 3 1957
Emilie,Claude,Kruppa,223785645,April 10 1973
Brooke,Salena,Werra,397072129,January 25 1974
Stacey,Chrissy,Pitocco,364837570,October 27 1952
Drucilla,Grover,Olivid,110750205,May 18 1995
Ellyn,Olinda,Conaghan,526698724,November 8 1957
Monroe,Deedee,Eplin,708518779,March 1 1959
Conception,Nellie,Lataquin,522876047,August 3 1958
Parker,Ward,Nold,103148116,June 24 1985
Vernetta,Lorette,Mugica,753836376,September 5 1964
Aurore,Cortez,Reinbold,924698222,January 26 1955
Ping,Wilton,Traverso,339378833,February 7 1981
Gwyneth,Adelina,Varillas,697809943,April 2 1995
Sherril,Rudy,Dungee,668074896,October 24 1951
Royal,Jon,Herritt,210544520,March 26 1958
Meryl,Tena,Pitassi,196328033,November 7 1959
Lorette,Ryan,Hinh,232773848,March 12 1965
Talisha,Chasity,Guerinot,570903340,August 1 1992
Brittney,Iluminada,Knoche,993917240,April 25 1967
Bryanna,Theressa,Corkill,727008153,September 28 1980
Wendell,Majorie,Beanblossom,170547740,June 20 1962
Nevada,Janel,Broncheau,956218266,June 15 1961
Lisbeth,Meryl,Buzzell,290322926,December 31 1974
Versie,Chris,Dry,551480209,February 8 1952
Cathrine,Samuel,Padinha,848287142,March 7 1953
Richie,Zella,Wynott,831501674,May 31 1954
Iva,Filomena,Loukas,690490142,December 3 1963
Emerson,Veronica,Gleason,365185939,August 27 1990
Melanie,Lanie,Coad,325902164,August 16 1963
Louis,Frances,Montalvan,954169837,June 11 1960
Lorenza,Ciera,Kainoa,625797781,January 21 1972
Vinnie,Signe,Hackleman,463479122,June 27 1996
Damon,Muoi,Kyung,397337099,March 3 1967
Katharine,Ruth,Grava,396993506,February 10 1963
Rosenda,Porsha,Driere,129387700,February 21 1970
Camelia,Antoinette,Gutsche,705682430,June 29 1997
Norah,Samara,Tayse,800285690,August 5 1950
Vivien,Leonia,Pallas,756978793,January 28 1953
Roxie,Mariela,Showalter,673000501,September 4 1977
Monica,Dorthy,Linnertz,627443361,December 23 1988
Grady,Edward,Smisek,238999655,November 27 1976
Rona,Christel,Artinian,256960877,October 28 1972
Ira,Mafalda,Macnaught,881154772,June 11 1980
Gracia,Brandi,Muthart,599713652,November 9 1969
Tomeka,Drusilla,Gunyan,423617747,August 24 1953
Kit,Sherryl,Borgella,458401217,December 10 1963
Lawana,Evie,Ellerman,405247172,August 8 1989
Curtis,Granville,Hartzo,106603164,May 14 1987
Darrell,Jovita,Rowback,727586694,July 31 1960
Allene,Jettie,Hardie,207492086,July 14 1952
Lilli,Katrina,Harkrader,380483143,January 14 1995
Keith,Fermin,Fenley,672658571,November 3 1992
Rafaela,Suanne,Okwuona,572265499,February 26 1960
Sharyl,Karey,Llorens,174660655,September 8 1950
Shirl,Daria,Spatafora,888254786,February 8 1986
Meghan,Lissa,Willcoxon,112794554,August 12 1982
Barney,Carmen,Mensi,664698676,May 26 1960
Lady,Pandora,Catenaccio,619928077,April 25 1993
Glenda,Larhonda,Franzoni,505664234,March 26 1978
Santa,Doug,Heuring,705154605,April 10 1996
Angelita,Samella,Nunoz,940813739,June 16 1981
Catherin,Carina,Stoppkotte,523317222,October 27 1970
Myesha,Annabel,Gingell,342348597,November 30 1988
Edmond,Soon,Mccoskey,798605234,October 19 1989
Philomena,Sacha,Stidham,101942564,September 11 1970
Karl,Renee,Thavichith,760616068,December 21 1962
Rachelle,Lanita,Richel,442593854,March 27 1975
Tomasa,Deloise,Rossum,662367945,February 1 1980
Albert,Easter,Runnels,877586208,February 17 1966
Nyla,Selene,Senf,980292265,March 29 1970
Fannie,Joey,Labean,467932377,July 10 1966
Jeremiah,Shawanda,Laravie,465468759,August 23 1955
Claude,Earlean,Ziegenfuss,401736773,December 20 1976
Linh,Luanne,Deroin,647216979,November 17 1984
Jeana,Riley,Ulcena,872001020,June 19 1959
Aron,Valencia,Kaase,938236150,September 21 1991
Lavon,Roxann,Dworkin,753839838,December 15 1962
Sharen,Celsa,Marsteller,963095469,November 7 1977
Mathilda,Leslie,Brayboy,235393442,June 2 1969
Oswaldo,Donnette,Nothnagel,517004366,March 21 1970
Yulanda,Daisy,Cavill,188625279,December 26 1972
Jae,Quinton,Naragon,152113852,October 6 1953
Robyn,Deanne,Corscadden,843572277,March 20 1975
Argentina,Leanne,Haecker,306479085,May 6 1971
Albina,Linn,Siders,761554035,March 3 1963
Wilda,Tangela,Robenson,613301144,December 30 1967
Roy,Cherilyn,Soppe,465614432,November 29 1964
Kenneth,Lyda,Stassinos,811898812,July 16 1997
Karlene,Maxwell,Kuciemba,448522615,October 24 1977
Raymond,Danilo,Notarnicola,988467796,March 12 1963
Lexie,Mariano,Mailo,425643796,July 2 1975
Mallie,Inocencia,Oquinn,195175961,May 4 1982
Rodger,Nisha,Subramanian,159736920,July 27 1965
Manie,Ivory,Wishard,276320762,December 3 1992
Mirta,Roxie,Kinstler,452263702,December 14 1973
Tammara,Aubrey,Cione,895627372,December 27 1995
Elfreda,Will,Stcharles,758311585,March 9 1965
Betsy,Wendolyn,Emmerling,339468703,May 14 1996
Freddie,Edison,Lockyer,844132928,August 31 1990
Estella,Debbi,Loegering,726704646,August 14 1979
Monnie,Florinda,Marean,214170036,February 12 1970
Henry,Trinidad,Rua,601518336,October 30 1992
Lashawna,Stephaine,Battenhouse,502035993,August 7 1989
Bradly,Merissa,Maxcy,315310855,January 27 1961
Pearlene,Aubrey,Rohen,353215701,April 28 1973
Nichole,Kenneth,Benadom,216327261,February 2 1988
Gilbert,Sona,Korvin,349381128,June 7 1968
Johnna,Mariah,Sallas,289840492,December 23 1994
Martha,Rex,Lehmann,800513878,July 19 1959
Lorraine,Petrina,Rigazio,910715921,November 17 1974
Xochitl,Cyndy,Deubner,194015540,August 22 1993
Olene,Lavada,Villasenor,447005555,May 4 1985
Deshawn,Roy,Vandivier,864368197,October 20 1958
Shawna,Dolly,Levere,155555413,April 7 1987
Caprice,Brock,Connyer,474580195,June 3 1963
Theo,Alisha,Golembeski,735811554,July 3 1965
Janett,Charmain,Tino,665695826,December 13 1972
Bridgette,Arleen,Ebberts,908135661,May 24 1963
Mavis,Polly,Konrad,384333354,May 7 1977
Patty,Sharon,Belter,589722723,October 10 1994
Delmy,Kelley,Aragao,583999241,December 3 1989
Dodie,Marry,Duresky,491081894,May 3 1982
Celesta,Tonisha,Helquist,674453536,September 28 1958
Ehtel,Destiny,Krajewski,715106740,August 1 1976
Ellsworth,Beatrice,Carpentier,767502386,February 6 1959
Raven,Marvella,Rollin,229825671,November 29 1995
Marlin,Suzann,Decourley,107290569,March 13 1978
Inell,Imogene,Casillo,205474838,December 14 1965
Essie,Oswaldo,Chouinard,940663725,December 28 1969
Allen,Ursula,Frodge,461750007,September 15 1992
Taunya,China,Kingry,957864493,February 26 1970
Tommy,Pedro,Holway,396834286,November 23 1981
Shannon,Donny,Mazar,437297660,September 7 1982
Neomi,Clarice,Sing,455616301,October 29 1964
Duncan,Lorena,Arva,449119683,January 1 1964
Zandra,Fermina,Callicoat,509645399,February 15 1989
Justa,Dorla,Gonce,191930975,November 3 1988
Dovie,Corrie,Saintfleur,839744223,January 18 1996
Ching,Marian,Granzella,853023539,December 23 1978
Inez,Chong,Lafromboise,537426977,July 22 1971
Julietta,Latia,Piette,635789949,August 21 1969
Marisa,Clotilde,Leduke,931653834,February 8 1982
Truman,Art,Greenley,695555673,June 14 1955
Mabel,Cleora,Opalicki,640978775,April 27 1956
Casey,Juana,Argote,866958638,December 15 1972
Arnold,Joanna,Dienes,290492654,September 13 1968
Tyler,Jeanett,Manglona,368966267,October 25 1957
Iola,Cary,Kassman,690491218,September 15 1981
Arlette,Elenor,Vandesteene,896768322,January 7 1995
Luis,Juliet,Furcron,676558464,September 3 1977
Dusty,Melissa,Islar,179388709,January 23 1963
Solange,Georgene,Masino,965487757,October 24 1980
Sean,Sherell,Guggemos,116372396,September 24 1981
Judith,Dani,Sillman,999592263,June 17 1975
Shonta,Brittny,Vanorsdale,741973908,July 16 1986
Rosaline,Delicia,Zarzycki,674596776,September 3 1985
Yen,Desiree,Yearsley,178730974,May 4 1975
Vicki,Horace,Chamblee,869253442,January 19 1972
Elmo,Nettie,Gruben,579170622,December 14 1992
Larue,Melania,Doucet,193574773,September 3 1973
Khadijah,Harriett,Sandstrom,751873463,May 11 1980
Edris,Edmund,Breach,627303595,August 12 1982
Mirian,Aurora,Drumbore,280608422,March 22 1981
Kelle,Connie,Willimas,640804122,March 14 1956
Loreen,Isaias,Falter,369327373,May 26 1971
Letha,Yer,Bogdan,841512152,January 2 1967
Sharie,Tina,Nwagbara,945246517,August 31 1971
Latia,Marlene,Dimitrov,214664354,December 11 1988
Angila,Katerine,Breckley,882995832,December 3 1983
Lashay,Ruthe,Rosal,976162031,June 28 1981
Deshawn,Fidelia,Arcila,648033988,February 5 1990
Martin,Marylyn,Viehman,706726087,October 26 1959
Kathlene,Kimbery,Veater,612535985,February 18 1992
Glenda,Isabelle,Lohwasser,523270155,January 20 1988
Jodee,Joleen,Hylands,454284011,April 25 1969
Lucius,Melody,Turnblom,378643447,August 19 1961
Benito,Miquel,Ericksen,383434952,May 20 1995
Misti,Glennis,Vanzee,982252292,January 17 1975
Anderson,Fidela,Brzezinski,445296623,February 4 1985
Vicki,Helena,Morain,448920887,December 10 1980
Louann,Trinity,Holloman,553499449,September 27 1973
Santiago,Mel,Galano,913749007,January 4 1977
Shelley,Robbin,Farish,718471440,September 2 1973
Melissia,Anne,Chriscoe,978406308,March 14 1990
Loyce,Gil,Dupass,544369850,August 18 1968
Bethany,Merrilee,Spikes,365693276,August 21 1954
Isaac,Petrina,Sillman,884234149,July 31 1984
Valencia,Emiko,Sheilds,570413350,October 21 1986
Lanette,Junie,Pieper,220939053,March 13 1971
Collette,Stacy,Sze,676438640,January 9 1988
Lauren,Stacy,Lagasse,600557251,October 17 1972
Rachel,Sherie,Crusinberry,812801174,June 22 1952
Maribel,Jewel,Adachi,497200570,June 30 1966
Michael,Carlota,Scales,900879734,January 4 1953
Nakia,Ernestine,Raught,863687875,May 13 1955
Eric,Danna,Oceguera,285141138,June 18 1984
Whitley,Alethia,Pemble,692070613,June 28 1962
Audrie,Kristeen,Herceg,680985390,November 5 1983
Meryl,Heather,Beevers,110902215,January 17 1993
Yuette,Sixta,Derentis,934275333,January 1 1991
Dahlia,Karl,Getchius,513122696,June 20 1954
Catrina,Shad,Ready,592028228,July 22 1965
Cassy,Ranee,Kucek,387688432,January 22 1955
Reva,Solange,Donten,386122878,August 21 1967
Anneliese,Efren,Calvery,909943207,September 27 1967
Cherish,Dawn,Lukacs,640032228,February 26 1976
Connie,Simone,Mellinger,487716664,October 16 1963
Raymond,Aurelia,Kronberger,810515579,November 9 1979
Danette,Lester,Widrig,911960978,July 1 1991
Larry,Lorri,Deidrick,564573640,June 3 1985
Deane,Dori,Ching,889287150,September 6 1997
Jacalyn,Major,Boldery,589145207,January 21 1953
Nelia,Stefany,Feder,648123027,August 25 1994
Antoinette,Floria,Grotzinger,114058499,July 9 1955
Candie,Harrison,Goya,386654104,September 1 1992
Lucila,Lana,Ream,354380905,January 10 1970
Verline,Leonora,Kuzara,837683825,June 28 1987
Janay,Lissa,Breitmeyer,607963543,March 18 1962
Ollie,Armando,Wiesen,248705217,January 27 1975
Marilyn,Veronika,Wixted,668765301,May 16 1990
Valrie,Nydia,Charlette,942644077,May 4 1982
Dot,Bobby,Galleno,182265570,June 10 1972
Jessika,Krysta,Palovick,930933758,July 10 1979
Sharell,Margarite,Gularte,801424312,May 23 1965
Marsha,Nakesha,Newberry,483020630,May 13 1987
Spencer,Darline,Luttman,930397106,May 2 1962
Allen,Martin,Konty,319472203,May 26 1978
Zachery,Raye,Wilkoff,728426146,February 7 1958
Alona,Demetria,Zeman,736147517,January 29 1951
Claud,Ginny,Lisenby,502555655,February 25 1960
Roma,Elia,Ruschmann,198163209,January 14 1954
Jan,Thomasina,Ottenwess,339300597,September 29 1980
Nickolas,Catarina,Dicecco,670603671,November 3 1957
Arlyne,Maurita,Benusa,911055425,March 12 1993
Myra,Rocky,Macchiaroli,901226070,February 19 1978
Emilie,Venice,Stoud,671481085,June 22 1991
Diedre,Shana,Hummert,404131630,May 28 1956
Henry,Sammy,Sothen,208650486,November 10 1974
Allan,Alaine,Limburg,245033586,November 1 1956
Florentina,Britni,Altiery,418356944,July 25 1974
Chery,Earnestine,Schauman,223056613,March 15 1992
Arron,Thomasine,Poll,260370190,September 20 1982
Daniell,Myles,Pasquin,222846409,March 31 1975
Fe,Monika,Feliberty,964924800,November 27 1955
Sheilah,Corie,Deglow,558234376,October 12 1992
Mabelle,Miles,Bantillan,517396716,April 24 1956
Joel,Frieda,Rougier,496058903,January 16 1974
Irwin,Wanda,Sepvlieda,197703429,August 4 1985
Beula,Sanora,Manzanares,779451417,February 17 1972
Dianna,Jolene,Poehlein,123877673,October 30 1991
Shonta,Sherice,Lan,624592750,September 17 1957
Ressie,Ouida,Bovian,712627298,July 26 1993
Cristal,Kristopher,Thumm,946470026,February 27 1986
Elza,Tonja,Mourad,844304989,September 5 1954
Christiane,Adrianna,Everette,147531310,January 18 1978
Rita,Carie,Makhija,906059865,October 10 1951
Cinthia,Chantell,Koski,140555475,June 6 1991
Gita,Rosalie,Vorwerk,990204582,November 2 1986
Ernest,Paulene,Lewy,352919907,November 5 1982
Ping,Emmie,Applewhite,979868135,February 24 1983
Benton,Farah,Keefauver,895342330,April 14 1958
Jennell,Lashon,Phoeuk,250369548,January 4 1974
Savanna,Rich,Gwillim,962864456,November 12 1996
Tora,Alexander,Kutil,721676435,March 4 1981
Marty,Waltraud,Elworthy,450290992,March 10 1996
Cecila,Lorie,Herbick,788733080,October 5 1967
Florence,Rob,Kommer,306642256,January 30 1965
Yasuko,Jene,Karsten,835967380,January 12 1983
Awilda,Elsie,Shadwell,263755553,June 29 1969
Freda,Marshall,Berlacher,968215238,April 8 1954
Roberto,Brice,Stricklind,260496674,October 31 1992
Candyce,Lorita,Lashua,600624402,May 8 1953
Danita,Ngoc,Sirolli,145828287,February 22 1994
Cassie,Willetta,Ballin,387491506,September 28 1970
Phebe,Barbera,Savoca,798118661,June 13 1994
Piper,Daria,Tudor,806810552,May 5 1977
Charline,Danyel,Beeson,103645588,February 6 1967
Emmanuel,Colette,Mcmeans,180618736,March 10 1983
Kasey,Sindy,Serge,120525651,December 30 1960
Torrie,Glynis,Fusco,307754331,June 20 1962
Rod,Dottie,Lobel,933735110,November 25 1986
Stefanie,Jamar,Esch,526817857,September 28 1982
Ozella,Saundra,Athayde,518130080,February 10 1950
Douglas,Pearly,Skrobacki,754064088,June 29 1951
Thomasine,Chrystal,Insognia,647252836,November 13 1978
Ines,Malcolm,Ciancio,549450888,May 14 1950
Jacinta,Rodolfo,Cluck,561246921,March 8 1977
Aliza,Wyatt,Calcara,129618114,October 2 1967
Cheryle,Jacques,Alcina,974603716,January 26 1979
Shayna,Cathey,Knapick,549342782,September 16 1957
Karon,Louis,Kinning,218121735,April 8 1970
Laverna,Barrie,Duesterhaus,122878445,October 12 1986
Hilde,Darci,Krallis,765958946,January 31 1968
Anna,Silas,Corella,918087269,July 14 1981
Carmelo,Bettie,Kiesser,461767599,December 8 1952
Claretta,Lawanda,Hasegawa,573652293,October 3 1976
Roselia,Reda,Ortman,583577503,November 26 1996
Rachell,Yadira,Kellogg,511839144,May 15 1982
Lauren,Madlyn,Sterley,348481506,August 15 1985
Maribeth,Karisa,Silverness,624875584,September 4 1959
Shera,Laronda,Crooked,570608970,June 13 1979
Mercy,Jenee,Dagenhart,835333331,December 25 1957
Darnell,Ivana,Beckfield,531867574,May 7 1961
Kena,Aundrea,Abuhl,682919029,September 28 1973
Karri,Marine,Willms,179199360,December 7 1996
Alissa,Eleanore,Zumot,389484836,May 14 1979
Andrea,Thomasena,Hawe,116526777,April 13 1960
Denyse,Lulu,Hawthorn,848217799,February 23 1958
Maryalice,Meaghan,Orengo,948241145,October 6 1975
Abbey,Gaylord,Bostock,573911571,April 19 1962
Tashia,Elias,Kvam,155279732,December 1 1964
Emilio,Winona,Mcroy,320701870,January 16 1963
Lien,Argelia,Digregorio,138003230,April 4 1975
Kendal,Thuy,Kadakia,208085728,March 22 1954
Joann,Altha,Chauvin,252871149,January 24 1988
Concepcion,Louis,Lockheart,411554633,July 28 1980
Katheryn,Deandra,Sandoval,355145938,May 21 1968
Maynard,Kam,Bosse,141557191,January 10 1983
William,Madison,Bruenderman,857561449,February 8 1962
Rosario,Marva,Gilhooley,304253217,February 3 1950
Selma,Gema,Horwitz,737271113,May 8 1961
Wanetta,Annette,Fleenor,664805969,August 16 1968
Sonja,Grover,Rehfeld,299843471,July 13 1980
Na,Alvaro,Herrin,903644966,December 10 1989
Stacey,Elisabeth,Berkley,211176310,July 8 1962
Billye,Hilma,Gates,107769375,May 24 1971
Daine,Sondra,Trulove,574728791,February 10 1953
Althea,Cathleen,Huski,791990047,March 8 1953
Karyl,Lavona,Defazio,593377136,October 20 1973
Raul,Modesta,Detjen,422951835,April 18 1951
Shonna,Mozell,Pretzel,360630459,December 7 1961
Sharilyn,Janel,Gugerty,975450907,May 26 1955
Selena,Ji,Killeen,765231080,December 19 1973
Warner,Leoma,Serice,994264885,December 3 1959
Cecila,Verna,Giordano,923825779,May 14 1959
Eura,Priscila,Mcdonald,353435331,January 13 1995
Loan,Pat,Kretsinger,328140674,August 6 1965
Margart,Izola,Tuorto,891356813,February 17 1988
Edwin,Evelin,Biley,372815251,May 4 1953
Solange,Joya,Guiterrez,276500540,October 17 1950
Penelope,Antony,Shabel,126833369,June 23 1978
Marshall,Thanh,Coots,902180975,April 23 1958
Jeraldine,Anjelica,Harpe,401600088,August 20 1951
Cherryl,Celine,Prazenica,176201349,December 27 1991
Alishia,Arletha,Noblitt,420610400,October 29 1957
Michiko,Shizuko,Millner,723914053,January 20 1989
Maybelle,Maggie,Champine,994983494,July 27 1983
Jenise,Karri,Curatolo,152316399,August 24 1974
Edda,Chong,Grana,383725685,June 23 1973
Glennie,Shena,Fonnesbeck,274074375,December 17 1954
Mary,Sheilah,Herman,662457492,April 9 1985
Stacey,Tabitha,Stemm,989312373,November 10 1980
Shameka,Sparkle,Rindone,426701146,November 8 1987
Annika,Ricarda,Goldbeck,299803670,September 17 1986
Ferne,Juliet,Cordova,520069029,May 26 1976
Phylis,Lillia,Schaeffler,944706369,August 5 1984
Gayla,Evelyne,Heisdorffer,650403905,March 7 1952
Brianne,Charise,Philo,413763452,November 11 1972
Gene,Alfonzo,Evers,151866724,January 18 1975
Marcy,Agnus,Arbo,307163179,June 22 1966
Karoline,Marylee,Ephraim,674105303,September 23 1985
Maryetta,Nikia,Drozdowicz,669961354,April 13 1986
Rory,Jay,Speciale,454110787,October 9 1973
Corrine,Joeann,Korbal,461714100,April 12 1965
Benton,Carlita,Affleck,317511742,May 2 1977
Lela,Maribeth,Mellas,612060003,September 29 1968
Angeles,Maryjane,Yarzabal,896386539,June 12 1984
Cindy,Mickey,Lynah,523410520,July 12 1955
Farrah,Deb,Steigerwalt,564900928,June 4 1992
Adriana,Lesia,Hanley,580335263,March 14 1950
Lillie,Ligia,Haydel,224093162,March 16 1988
Stephine,Brooke,Phurrough,209025687,February 21 1968
Tiesha,Elizabet,Liles,897017795,October 15 1977
Felica,Emile,Riesner,751438100,April 18 1950
Corina,Dante,Oshman,476487130,April 12 1986
Jacqueline,Carroll,Wiechec,809094239,April 9 1963
Jeremy,Kiana,Mennig,443278028,December 1 1964
Columbus,Shelly,Stuckmeyer,807478337,June 26 1980
Filomena,Shawanna,Adamos,403541272,April 14 1967
Inocencia,Marielle,Nilsby,999629557,July 28 1986
Berenice,Herman,Vanskike,483096812,June 28 1992
Ilana,Florrie,Klez,287686378,March 18 1958
Dori,Deadra,Peyser,833337449,June 9 1952
Isreal,Loren,Rathgeb,894285099,June 25 1973
Michael,Carter,Kleier,710805427,February 20 1993
Elmer,Chelsey,Mascroft,967022408,May 14 1995
Pura,Sun,Shipwash,769543404,July 14 1980
Korey,Sherill,Sidman,383526363,September 27 1965
Micha,Robby,Overbee,273637248,November 29 1957
Russell,Elmer,Mazyck,931590921,September 5 1953
Lila,Lovetta,Kraner,985730569,December 8 1962
Lecia,Leonia,Bergren,937556021,May 7 1987
Evon,Denice,Bi,196659519,August 11 1982
Yan,Chin,Dorson,280581508,February 27 1990
Dana,Patsy,Kintz,429872309,December 27 1967
Madie,Monty,Lanier,964285782,November 13 1961
Micah,Kirstie,Hauf,522296942,February 8 1975
Madalyn,Fidela,Burkett,778695530,May 4 1968
Minh,Katharine,Tindol,358318865,February 16 1953
Augustina,Ayanna,Thuman,812573699,August 28 1962
Risa,Joel,Troendle,515237223,March 5 1968
Belinda,Elana,Bolland,511630881,July 22 1995
Cathern,Damaris,Brentari,283877143,December 30 1996
Dora,Hilma,Leck,194247253,March 7 1971
Martina,Larae,Lovensheimer,416028744,August 10 1964
Marlon,Candelaria,Brechtel,260186280,May 28 1989
Caron,Terica,Loter,947330812,November 3 1969
Vicki,Jessika,Ondik,566107519,February 7 1988
Melody,Bruno,Murrieta,868574727,January 13 1974
Aracelis,Rachele,Ferran,505908710,August 20 1959
Lissette,Garry,Monarrez,205818085,April 23 1975
Walter,Stanley,Wekenmann,865161173,May 18 1978
Barbar,Fletcher,Benney,397997912,October 28 1986
Anibal,Charita,Luebbers,912947113,August 19 1963
Adrianne,Marcel,Fallaw,374941403,June 11 1987
Carlo,Qiana,Hallman,426752402,April 8 1986
Hyon,Rene,Bottini,375994145,June 8 1961
Bert,Stephania,Lesch,796887446,September 18 1970
Vita,Melissia,Vanproosdy,664315592,April 4 1993
Hubert,Corey,Pipkin,736067791,October 21 1963
Kiyoko,Jacque,Goodall,280813318,May 25 1952
Corazon,Dalene,Moyd,691833665,April 5 1986
Rex,Annalee,Sornsen,508467987,January 3 1980
Garnet,Dorothy,Fickbohm,768662967,March 18 1985
Micki,Sol,Fanizza,938399691,February 4 1952
Breanna,Hang,Whtie,961861621,October 13 1979
Saran,Annika,Bakeley,716585800,June 15 1974
Annalee,Jammie,Petite,965210562,November 27 1965
Angelique,Danica,Domenico,219994291,May 20 1993
Kathy,Jackson,Spraglin,572211711,April 5 1967
Chere,Bobbie,Friesen,745563448,May 13 1966
Cammie,Augustine,Barnaba,859595118,October 27 1971
Nakia,Allene,Cardin,269645525,August 22 1964
Melvin,George,Burdeshaw,539198944,April 24 1965
Lester,Anderson,Benscoter,741134309,February 24 1950
Miquel,Nicolasa,Mchugh,337780588,December 22 1963
Maurine,Jessika,Benek,142594761,September 30 1996
Keena,Deidre,Endres,515807651,October 13 1958
Tiffiny,Edwin,Pulver,191578496,April 10 1973
Steven,Donnie,Buschner,847552788,February 18 1996
Dessie,Florrie,Cordenas,952396892,September 30 1959
Teofila,Lanell,Goldsberry,142301546,May 13 1963
Abbey,Lajuana,Fugitt,497580149,December 8 1975
Shantel,Lance,Chester,106289450,January 18 1973
Marti,Xiao,Mcdannold,650906934,November 7 1964
Tess,Zackary,Fucci,897917345,January 6 1958
Cecily,Guillermina,Groshong,780265152,July 31 1981
Richard,Simone,Tynio,865336040,November 24 1972
Judi,Maile,Dotter,400906632,August 31 1963
Olene,Dana,Boullion,530824487,November 16 1971
Lannie,Ronald,Glickman,427281611,September 22 1967
Travis,Nina,Ienco,385367079,February 3 1954
Anabel,Sabra,Hollington,546166073,August 18 1963
Murray,Charlott,Soros,519020799,May 28 1986
Cathleen,Merle,Demasters,913993056,February 17 1984
Claud,Maxine,Ventresca,357287672,July 6 1970
Dwain,Lana,Pong,638128734,October 31 1966
Andria,Hettie,Geers,324698065,November 8 1953
Chae,Ellan,Jernberg,833436017,December 10 1977
Evette,Lanora,Majersky,767781312,February 22 1959
Margorie,Keren,Loncaric,742178407,January 18 1986
Georgianne,Christia,Hai,548848973,April 24 1960
Angel,Kris,Selke,924650645,September 13 1970
Lucius,Long,Schnackel,957535296,August 17 1971
Tajuana,Traci,Frame,519591111,December 12 1981
Naomi,Christeen,Dunemn,471500963,August 26 1987
Kory,Nathan,Witzel,104325301,July 31 1989
Scott,Kandy,Wesler,953476567,September 8 1964
Gladys,Jerry,Schott,263794030,January 27 1958
Shayne,Noah,Leeming,575949964,May 9 1984
Tera,Jerrie,Gebhart,481402951,December 2 1971
Paz,Carissa,Alvarenga,274025618,November 10 1976
Mitchell,Talisha,Yasika,761449059,February 17 1993
Katharine,Deadra,Pasculli,402731146,August 28 1982
Willow,Jonell,Malich,568379088,October 18 1961
Zackary,Leatha,Bussman,108427971,August 13 1961
Randa,Lorelei,Hunnell,850146631,December 15 1984
Cassie,Simone,Foutain,160801309,July 15 1995
Olympia,Kasha,Reiher,696478155,May 16 1952
Rey,Francis,Strazza,157647669,May 4 1956
Andree,Jinny,Salum,155141707,March 19 1995
Cristina,Pei,Murawski,739521370,November 19 1982
Charlie,Deeann,Vyas,194727425,January 28 1966
Noella,Jackie,Bankes,195108163,August 31 1970
Anitra,Mark,Bazzel,907581861,October 25 1963
Skye,Yon,Ruckdeschel,615515394,February 27 1990
Phuong,Galina,Kreul,505154283,December 20 1951
Theodora,Sharri,Pettersen,160742321,February 23 1977
Marlena,Nadia,Innocenti,276072935,April 20 1987
Nadine,Lourdes,Piccolo,633346063,March 17 1959
Jaleesa,Fatimah,Dodoo,777914755,June 26 1952
Destiny,Herschel,Hollinsworth,741363339,January 5 1971
Rowena,Rico,Whipp,282196528,January 28 1991
Tiera,Tanisha,Vanscoik,158184577,June 21 1991
Theo,Denny,Noakes,521118483,November 1 1968
Echo,Karisa,Lazard,214294380,April 7 1985
Carmel,Ashleigh,Erskine,218738982,August 5 1984
Patience,Cathy,Noud,552266553,March 20 1983
Liz,Eusebia,Nordsiek,470447183,August 20 1991
Mike,Ken,Skene,639495876,December 8 1957
Lanie,Jake,Chacon,646909980,June 17 1952
Velma,Jewell,Dudziak,114913271,July 14 1952
Jennie,Xuan,Uhlich,793370388,January 3 1969
Dominique,Alena,Shetlar,778104585,March 16 1953
Dewayne,Matilda,Riecke,915724395,December 3 1972
Karla,Ema,Bloch,848261592,November 3 1995
Johnna,Pei,Winemiller,851844994,October 5 1962
Jordan,Taren,Shaikh,292349892,July 1 1982
Junko,Lajuana,Phetphongsy,922990005,October 20 1975
Sherlyn,Gena,Vayon,467583507,March 9 1968
Rolanda,Julietta,Raquel,715841468,September 23 1974
Bradly,Eun,Starkson,643238151,July 11 1965
Elliott,Colin,Grasser,122988239,December 9 1956
Emilie,Maude,Calvert,166189857,November 8 1966
Bobbie,Chloe,Mcbride,447871963,September 25 1964
Herschel,Claud,Collett,348196943,February 22 1954
Felicita,Paulina,Marte,880954951,September 23 1970
Almeta,Clayton,Tullis,170401143,August 4 1979
Loretta,Jay,Duchon,565902492,March 19 1958
Enola,Valorie,Schuermann,891046806,February 9 1972
Lupita,Sang,Zeek,778862481,April 21 1995
Felipa,Morris,Matuszek,679931397,November 13 1985
Willie,Lindsay,Helems,838613629,May 25 1979
Armida,Misha,Conwell,691218669,July 2 1977
Yasmine,Alverta,Nunziata,190773830,September 5 1993
Merrill,Rosella,Demuth,783269389,November 18 1967
Aurelio,Jenette,Dessecker,772930612,May 23 1968
Shyla,Yuri,Muraski,338061243,February 2 1970
Cinthia,Tressa,Caborn,769184463,March 3 1954
Nathan,Joselyn,Sitra,366255037,January 3 1958
Jack,Fonda,Hoffler,419076458,December 5 1951
Fleta,Thi,Nguy,879383157,December 10 1981
Gayla,Lindsay,Schallig,216286564,May 10 1991
Niesha,Leonida,Babbin,495036637,July 4 1997
Hattie,Jeanelle,Tall,643108316,March 3 1983
Alessandra,Jude,Mytych,421050675,August 2 1980
Lissa,Lilly,Aronov,755985236,June 26 1956
Li,Consuelo,Precise,451958351,December 4 1954
Shandi,Shawana,Major,600979382,July 5 1995
Genny,Chiquita,Niemitzio,746512122,December 24 1977
Mathew,Londa,Anchondo,773765823,January 8 1959
Traci,Yuonne,Thate,934665349,February 16 1967
Margarita,Brynn,Esmay,291625798,December 13 1987
Julian,Percy,Sangren,801546698,October 11 1951
Brigitte,Conception,Bhatnagar,352155571,October 17 1989
Anika,Terrance,Tardy,594827259,April 21 1957
Yetta,Mia,Witthoft,869410022,February 6 1995
Terrilyn,Harriet,Pheasant,110335410,October 4 1977
Christy,Pat,Hoschek,499542939,December 7 1996
Gene,Arla,Landes,793369136,July 7 1959
Lyda,Bailey,Sawhill,758458899,August 20 1978
Irma,Alyse,Knobbe,494127943,July 19 1988
Leonardo,Vennie,Antolak,849511936,July 31 1952
Blossom,Scottie,Hesselink,483962151,September 2 1996
Sherril,Teofila,Barski,733017269,August 12 1997
Asa,Sophie,Knecht,353330205,December 26 1997
Allyn,Meagan,Blea,696619023,October 18 1951
Brigette,Alvina,Gentile,905764585,May 20 1959
Kallie,Lemuel,Stockner,208894252,December 6 1996
Vivan,Golda,Greising,647762735,January 25 1954
Arnita,Mckenzie,Lockie,532683587,September 14 1971
Sonny,Barrett,Saltmarsh,670017185,February 6 1952
Bella,Shameka,Roath,731412019,February 26 1985
Shannon,Dawne,Koopman,968141293,November 19 1982
Juan,Manda,Grabowiecki,155183863,February 10 1965
Ilse,Karl,Westbrook,663084841,June 14 1991
Sulema,Cari,Waynick,544973598,October 16 1971
Renita,Bernie,Dardy,834506388,July 26 1959
Annalisa,Althea,Jadoo,336243452,April 17 1994
Olevia,Bruno,Margaitis,160900011,September 13 1958
Daisey,Krysta,Chaleun,288448123,April 24 1982
Arnette,Jeffrey,Deschner,584379592,July 27 1978
Arletta,Gladys,Belli,166964045,March 26 1962
Tanna,Carlita,Rosal,956501921,July 21 1966
Jean,Micheal,Gegenheimer,279029391,June 4 1992
Rima,Millie,Candelario,724850157,June 18 1981
Berta,Stephen,Limbach,927504043,May 4 1996
Etsuko,Wilda,Cucchiara,243478264,May 3 1968
Rickey,Jose,Castejon,325055333,May 4 1953
Estela,Jonah,Sayco,518595863,December 30 1961
Elwood,Paula,Nordby,478322252,November 3 1952
Bo,Indira,Grijalva,273604577,July 5 1967
Coy,Manie,Eskenazi,145483034,April 9 1992
Jacquelyn,Clemmie,Maditz,354018731,May 29 1966
Gena,Mika,Voth,422400658,January 14 1992
Connie,Alia,Oblow,816840389,September 30 1962
Laverne,Mohammed,Prisock,770296091,January 30 1976
Jewel,Kenisha,Stoyanoff,114225985,November 7 1950
Stephine,Margurite,Gabriele,452029676,September 21 1984
Gertie,Aleshia,Baisch,496078356,August 1 1950
Adriene,Arianne,Slota,452078118,May 31 1984
Virgil,Paulette,Milder,508512961,December 6 1965
Mitsuko,Cyrus,Evick,366883549,October 11 1957
Carlie,Tori,Hazelton,947656980,July 1 1991
Pura,Tony,Gasmen,434318091,April 20 1994
Lazaro,Lesa,Outwater,363305526,October 15 1954
Marci,Blake,Kernodle,132633556,April 8 1962
Jennette,Zoe,Clubb,471635140,April 7 1960
Katharina,Flo,Bomilla,896720368,August 4 1954
Meta,Effie,Cromuel,487194958,November 26 1960
Valery,Gretchen,Wlodarczyk,841241019,May 3 1987
Ryann,Bethany,Delossantos,283190018,August 5 1979
Nicole,Lynette,Dille,631874456,January 8 1959
Sterling,Jody,Duncanson,126749512,January 19 1984
Leslie,Vincent,Hair,635341321,September 7 1988
Corrine,Nicol,Toto,658238731,September 15 1957
Brunilda,Evelina,Liversedge,301095994,January 21 1972
Renee,Nicole,Meler,616212160,July 2 1991
Mamie,Malisa,Vitiello,869775364,October 30 1954
Madelyn,Marvis,Kapfer,882496533,July 27 1972
Aracely,Tierra,Swonke,670083398,January 6 1993
Ethan,Vern,Chehebar,994995080,January 17 1993
Santiago,Ilene,Lytch,803343618,December 9 1976
Delia,Brinda,Cardoso,963673431,March 2 1991
Roy,Florentino,Deacy,237240629,April 10 1991
Lilly,Shad,Hillhouse,922057503,July 8 1961
Cathie,Ernie,Bedney,743253308,November 2 1990
Scotty,Sherilyn,Eikner,251373873,November 14 1983
Belinda,Deidre,Malleck,539099372,March 19 1960
Joshua,Avery,Krassow,155803381,May 20 1986
Kasi,Nubia,Heartsill,803497859,March 7 1976
Zoraida,Barbra,Guenthner,228502624,March 17 1957
Tawna,Jasper,Mostoller,548230567,April 9 1991
Ingeborg,Jason,Eskaran,192062464,June 19 1990
Linnea,Roscoe,Chenail,386553208,May 1 1993
Jodi,Johanna,Brause,791593264,May 30 1991
Lashay,Ike,Alterman,269367263,October 17 1984
Jeanmarie,Herb,Pait,361017811,May 31 1954
Dian,Anastasia,Zawistowski,155294322,July 13 1986
Minta,Melva,Plair,625463952,June 5 1995
Frances,Kyle,Locken,189168066,August 27 1983
Sidney,Christoper,Pine,776619670,April 1 1974
Corina,Mellie,Sears,728930415,July 1 1983
Garth,Dorla,Sedgwick,799968418,April 18 1951
Haywood,Adriane,Skarke,944131941,June 26 1989
Maurine,Vonda,Pouk,609075492,September 28 1979
Nanette,Adelaide,Honan,413026448,March 25 1966
Louetta,Marcelle,Mungo,673348301,November 17 1989
Jenae,Merideth,Botkin,839632915,May 27 1992
Titus,Sherie,Stalberger,412432394,August 22 1977
Grayce,Raelene,Propheter,859323146,June 30 1952
Fredrick,Cora,Holtzman,777806521,January 27 1957
Johnathan,Johanna,Manross,880874598,June 24 1969
Lannie,Malcom,Lu,685068720,August 13 1959
Nickole,Betty,Kiening,446087556,July 3 1979
Aundrea,Felecia,Sengstock,388409254,November 27 1990
Teressa,Felisha,Ceniceros,163771771,May 17 1986
Jerry,Jani,Bassani,271087218,July 10 1951
Rhett,Dawne,Scripps,174120298,February 14 1963
Sau,Jacquelynn,Calger,536287858,December 21 1950
Goldie,Felica,Bartel,520348198,September 14 1979
Season,Zina,Satow,725153309,April 6 1986
Terra,Chantal,Ayotte,387315486,February 14 1979
David,Demetrius,Derian,921349806,April 27 1954
Kimberly,Kaitlin,Kalbach,519197318,September 25 1996
Judie,Catrina,Muenzenberger,162247343,November 7 1985
Tomiko,Robbie,Bloczynski,549813572,March 21 1986
Michaela,Esther,Tigar,608321496,October 27 1971
Lizbeth,Maria,Kivela,986883414,January 17 1991
Rupert,Buck,Courts,597100943,June 10 1971
Inga,Sherryl,Mccain,844307306,March 28 1955
Queen,Karole,Mcclune,152933601,January 7 1975
Miss,Ashlea,Calvi,640869320,June 11 1958
Isaura,Theresa,Bartman,645762964,March 2 1970
Carmel,Shanelle,Bahrke,197955107,May 28 1953
Laronda,Isidra,Dymond,102423557,December 5 1962
Slyvia,Toby,Skoog,408637427,July 1 1979
Sherrill,Henry,Gallogly,513791813,January 22 1950
Jaquelyn,Otto,Urban,393625797,October 26 1984
Wanetta,Anitra,Lizama,346267100,June 16 1983
Fidel,Shila,Vinall,151128912,March 13 1986
Madalene,Kristian,Polyak,531995819,January 17 1963
Synthia,Arletta,Boria,784843376,November 19 1959
Aimee,Mariel,Robel,459165161,January 21 1970
Kendall,Amelia,Derasmo,411457074,June 20 1964
Robin,Sung,Judon,921445272,June 18 1997
Edmundo,Lavern,Wellenstein,902819771,March 16 1980
Jeanne,Louanne,Fallie,978799795,July 24 1963
Benita,Shari,Orourke,172058656,October 16 1973
Gail,Cherrie,Nagel,974654635,May 7 1974
Dallas,Marcellus,Fitzpatrick,123358310,July 17 1997
Cristopher,Jacklyn,Benno,495736669,October 19 1976
Mozella,Criselda,Soward,325028423,March 30 1983
Freeman,Silvia,Neblett,829384497,August 29 1954
Ona,Freida,Noblitt,750179804,June 21 1962
Antonia,Elenore,Maggio,502089481,August 15 1981
Dolores,Sonia,Alagna,641339624,January 5 1987
Shiloh,Rosena,Blackshear,585438685,May 21 1987
Tran,Karisa,Hoerner,569368213,January 16 1960
Justin,Gaynelle,Gundert,749175477,November 24 1956
Kenya,Sun,Paulauskis,964984677,August 11 1989
Ginette,Hae,Lenza,273132759,September 5 1955
Aubrey,Kaye,Gemmell,337151675,August 11 1950
Myesha,Pablo,Bristo,402379020,May 20 1993
Sang,Velvet,Wellenstein,557777963,May 4 1953
Faustina,Brice,Shofestall,424785719,June 26 1979
Muriel,Shayne,Yusuf,480130045,June 13 1977
Mirella,Rosalind,Rinaldis,253803763,November 5 1955
Shavonne,Henry,Hysom,479644023,May 27 1969
Sal,Louetta,Chudzinski,227637643,April 5 1950
Brian,Lecia,Kiper,413328897,December 24 1969
Debbi,Davina,Cianciulli,660032006,December 6 1997
Judson,Lavon,Blanchett,407672174,March 17 1974
Les,Serena,Hrapski,148021823,February 14 1959
Marylin,Delores,Cofran,217104882,December 18 1969
Abbie,Kasey,Stoudymire,613423541,March 18 1965
Lilla,Ada,Slark,975049664,July 9 1979
Marcie,Lilia,Burnside,712420486,July 10 1964
Wendolyn,Kina,Delfs,958946689,July 25 1974
Salina,Kathrin,Hendee,230873832,May 22 1968
Kamala,Myrle,Ledwell,848193736,December 9 1951
Bernardo,Cody,Wonser,111209545,July 19 1991
Chrissy,Jaymie,Brinius,400610631,May 14 1983
