id,productNumber,itemDescription,itemCost,itemPrice,itemCount
99515737,1O037KRBOZ,dominant work george bracelets stack forced nirvana jun air ultram votes feof parties additional orleans facing wildlife trader sponsors sure lane reservoir isbn retention iceland down tight motivation ripe inner cabinets boulder download throat trip inspection media per degree ca blades mechanism oregon new photo earnings mode new rose starts free yards smaller peer daniel circles bon largest shine reg asp hollow warren assumptions winter,123.30,493.21,43482026
72143872,4461HX80UR,investor dell rd generation subsequently resistant sleeps swap bought ruby sunday economies hundreds formal reduce arrived dk mailto reached mercedes renewal catering sunday rm head solely scripting dollars cooling stars helped decent laws iceland territories opponent moscow blowing organize emerging nasdaq insulation ah reached counts mail kansas scenic glasgow ru ill sorted remind disco,123.01,369.04,8036488
41972906,9N1K7T27D6,superior taken contribute gst loop are graphic polish bald yes israeli adjacent amy lawn specifically accompanying adobe immigrants document generic cold te relief dictionary processors true goes fail tape invision ice verse cir sic taken professional toyota villages wit oc ga upload iv uncle subjects assign maritime trinity gravity band cio ideal receiver milan divine britney tile paths proof destiny employers slim strengthen literature sh countries marcus asks separated historic axis agricultural donate vessels m pose,686.23,686.23,5713538
58877455,4987XUVVD2,how radio specialists relay twiki can thermal rosa attachment campaigns eds kits kit louis used breaking butler if rapids bryant never earn advisory distinction que tuition reception logs discusses si wake pets accessible disease excess dream councils medication gb voyuer celebs secretariat investigator true week colin plans valentine cos bernard towns therapist m displays assists attorneys appliance armstrong input identifier healthcare genuine cookies ci submit mad bargains servers merchandise scanned statute lucky dates fund smith reuters responses considerations coal todd vernon address scanner grateful pushed completing commitment feelings reservoir gifts appointed,294.20,1176.82,6680251
26780491,4U0JNHWFTP,fears zones violent induction committee sectors lc believes selection honor seem norman alter zero treated struggle catholic eat diego tested harder dense priest reproduced fl recently gifts gem watt clouds soa prohibited upset ball advocate britney communicate moore neither job hints starsmerchant toward mostly arm styles obligations offered mardi successfully,471.57,471.57,15425230
28202821,M4VQI160R9,photography regular sea deny gale acrylic manufacturing robertson collecting martin pharmaceutical survive surgeon ought cardiovascular commander nelson efficient lambda raise crown poem chair genes appear expressions before string ha whereas rally latvia belgium face strips era permits expect feels abs tuning mobility ship fewer subscribers contrary benjamin paste arm foods cg annually mode algorithms addresses menus hereby plugin cambodia performs,650.02,1300.05,61889470
44611084,531052Y2E2,robert assurance separation cap wrist doctors encourages programming recordings hr lamps centers demanding senegal citations magnet orbit provide awards monetary concerning scanner ton denmark iii once toyota presence hk stud famous wish demonstrate commitment prices develop holds breaking said entity greetings rom norwegian tin succeed mount suzuki runs mortgages ash lectures shepherd gather acceptable abilities twelve bacon hours norfolk complimentary sample licensed bonus old slide maritime randy portfolio moore birth verbal looking scheme reno considering surgeon,683.12,2049.35,85004227
87539465,N4JWR459S1,adelaide yo rural quiz estimation science respect wine letter disability cubic angels areas hostels records substantial trademark exploration sheriff connectors supplies increasing deviant keeps erp stone cycle boom reforms cart development tba italy still prevent,334.24,668.48,35106962
79663728,02O2501NFI,accepts notices affair vacancies contrast britain antibodies ian isolation danger shapes medicine damages suggests nhs accidents qatar important sao cork,929.17,2787.50,41607437
31362525,8K6IBXU339,navigate bandwidth shower replica australia machinery eagles grow tb zambia stars managers ion bathroom experiences proteins with leaving trials workout cincinnati juan dip faces jpeg collection pal stanley houston excuse bills compete cigarette baskets bird innocent roll glance motion ugly murphy prominent specializing swing bernard residents farm reprints columbus burlington comparable hostel,642.48,1284.96,57934670
69763314,9NWN35XUYM,uncle translator improvements custom nobody phil fragrances ace sat telescope him charles predicted spotlight rare at grocery kidney presentations delhi considering pg consecutive months quantitative composed devon fields mitsubishi likely transexual subaru herald foster yrs far faster secure paris estate daisy closing buyers pot showers scary automated l enlargement constructed potential stolen,643.74,2574.97,57661926
84510966,V3LYLJL070,wm skirt willow stephen arena commodity shares neither austria department conduct libs satisfy markets norman arizona deutsch economies gourmet bumper enclosed tutorials bought hearts reveals qualification islamic lot comply rehabilitation aimed lu pmid discovery civic clone trainers adjusted celtic exhibits lp delay hereby stud old chemical content demo oasis merit gotten gross pcs tail corn eval demo surfing stuffed flip see phenomenon rather fix unauthorized importantly korean over mars greatest birds gazette cached subscribers gs keith salvador cordless me ashley imports urgent kilometers spectrum percent conflict middle harassment hearings uniform,681.07,2724.30,99380736
55990172,4478E35WIT,ur picks sections her dump growing translator okay safari albany nervous function stereo difficulties muscle respondents nathan saints compatibility army solid purchased unto phpbb restrictions automated worker meter perceived americans gratis overall telecom looked ears vids sexual milk wedding contribute exchange fisher cingular drives compensation standing concentrate normally purchased pantyhose hook elvis ecommerce associations,317.88,317.88,51312211
84044964,Q7762MQ5SV,boss bumper shaped blacks considerations saved both gorgeous impossible drunk hobby browse soon stocks relatives clocks portuguese nigeria birth lower beef q emission pgp upcoming basically outdoors diamond rubber implied classic sells prerequisite club resources xanax stephen dining wanted enhancements equivalent investigate peterson boulevard trailer inf animals mails oasis eg redhead fee paint alternate myrtle nuke edgar latvia saskatchewan tn rna broadway valid larry solar wonder deviant surgeon little legal paso,395.09,790.18,33154742
41663087,AQ23843E1T,gibson moments functions official tumor defensive mario cloth batteries mastercard notifications colleges laser newark ride equally managing reveal estimation actions sunday gateway leaf beneficial october israeli eagle greatest gt superintendent eastern ranger pm confirm lebanon isa casio midlands object norman brian password stable unnecessary tan quantum controlling sleeve installing webmasters records front specialty commodity analyzed us spend rain cr eg turkey developed columbia fuji longitude dating gore assume critical retailers initiatives favor approve nurses lightning launch knowledge craps sand sussex law trim i properties pn talks drive crystal brands,476.78,953.57,13584978
14818546,RZK5QDEERW,warranties diabetes studios cons magnetic dropped yang adware lanka rw ends sanyo animal doug rivers bumper won abraham prophet car swiss responding withdrawal clarity deutsch reason tapes infinite bit alternatively judicial scored designs pieces sr rap quantitative concerts lock homeless hope ignore modules figured hat chain contributions possibly branch announces sound flags plan modules janet uw assembly agreed prostate aruba decimal vertical manuals xp modify rosa received outlet eat shorter duplicate establishing finnish medications sudden radius co talked,104.69,209.38,96297673
10857990,6JU0E27K1P,perfume robust clinical designed abstracts prefer rehab joshua senator andorra es philosophy layers manor temporal mj kinda wordpress bride inter behavior noon deal notify cuisine perfectly direction dome julian disclosure normally kodak robbie non classical roger stack sunglasses let zoning in dirt shared suits smaller tactics violin ol lawyers punch echo particle recipes circuits ip ignored measure secretary drill bloggers dress mario games minute phrases importance natural exhibits minds lying joint magazine settings magical yeast i trend,235.98,707.94,6975347
75240278,40YM13G9JL,informative v enabling conspiracy mixer wear feet gore fellow consolidated tomato yoga nathan fiction kind operate appeal objective il calvin entitled powell slip eu nutrition zum bulk oo ultimate wv corruption cold tags impose mart vacation findings secret airports,75.06,225.17,64606143
66975568,Z75120P757,integrity innovation pool volunteers wellington onion refused tank nike nickel eliminate hebrew chain harmony acdbentity being discrete redhead site plasma manage viking australian earned cells advisors emissions individual has queensland touch algeria slowly individuals plots watches widely gradually specs prime option escorts date library lips dayton poem deposit core marie stable taxes yes savannah holder passion dell binding hz revenue buzz sixth fu ratios prison cds asylum month vacations characteristics steps licence boc atomic supports isp territory plays basement committed widespread lb chest qty profits queens noise referral restriction wound spreading warnings,161.23,322.46,81748938
60936769,41V91NZ029,b posted inspections rug jackson sellers saint pointed prev acquired elegant scored integrity rpm jane harrison crm wholesale relatives occasion grants luis latino array dosage avi tongue graduation ja guinea uganda vol fantastic layout sen musical contest valued instrument petersburg tumor pension rebecca micro beings grows nominations infinite concerts israel permissions z federal immigrants resolve buildings bookings hang converted notre eric core tail twisted mediterranean junction mattress founder accomplished,772.64,2317.91,57364261
79319194,3FR5RP9O7P,dd household major profession designation considered jj mechanical italian counters record consult telecharger ties footwear lamps girlfriend budapest tunisia involving centers kelkoo implies shaped flush rat sandra pursuant accessed dozen due apparel motel cruz xhtml rap considering cruise ring accurately rabbit swiss province deny transfers scanners finish n sg experiences floor photoshop accounting lift jeans,212.22,424.45,79645644
42365535,L6O24O1QX5,recognize uni transsexual molecules newspaper cache boys awareness trailers basics decline conventional louis startup ctrl theta porsche geographic xnxx tions roster led toronto gr maker broadcasting herald trusts cursor expo ko marijuana same math trusted methods shown wto stamps oaks thoughts mortality mean spirit dial might sullivan dvds,802.66,3210.65,4439260
58721115,P7SX2RVKNC,nu secretary cloud lead october file simon phases movements testament gratis expertise indonesia crossword expand acting subsection ye stephen benchmark all sherman abc summit algeria circulation rio seat monitoring machinery suggestion stood rise organization bb indices encourages,258.67,517.34,91071575
96970173,IY904XHG2D,preceding brighton technical finding severe fridge finder livesex thoroughly airplane lucas eden nirvana ballet stayed suggest surfing woman race lender best characterized lexus accounting waiting successfully gradually crop lighter briefly ted monitors gm psychiatry student would judy bb creativity stated toshiba musicians vice panels nationally boat brazilian years corn encouraged holes ice plant tomato centuries serum actors ratio miniature factor paypal ratios todd discipline knowing proxy law demands credits deborah seller call dialog plymouth caroline benz simplified bound rack arc dive routing antenna meaning approval monday limitation doctrine injury tools campaigns meat newspaper techno growing belongs blocking monitored excitement skills,380.02,1520.07,45069896
15777369,BMY4VV07VG,entertainment if raising printer afternoon earnings apply admit uniprotkb filtering little clarke hats pursuant prohibited picnic moreover tags made discussed tommy socket have voluntary aspect from touch permission cpu legend someone jesus workflow ed lift implementation quiet carmen currency mcdonald mails expenditures rehab stay every roughly speaks cds comp norwegian faculty beam start coffee gratuit porsche millions cat glance reprints bulletin judgment sentences eagles galaxy doing peas insider albums peeing tanks brazilian plugins lee confident believe requires macro biblical tracker,407.17,407.17,76125712
64995758,3HTBBG7I8W,gym glow categories command fragrance trainer contests chapter airline staying hopkins salmon disciplinary trinidad motels curtis quotations bubble grew somebody tooth unnecessary array monitors occurring paradise deutschland zero balanced mainstream opposition cursor start teaches older declared decorating production equipment feed vs response tonight shark dig discharge,902.47,3609.87,61581297
22964305,VXW3KIX7F5,ent attack consent says scottish robin destruction mutual traveling menus sustained freely gmt um hole breaking adjustment ver concepts notices communication take skills tree co racing rope elite driven utilization brilliant applicants memphis thumbnail capture soundtrack leu dinner sec compliance guns mug took cosmetic extended spent strips execute solomon selection try technician patient pet forth midi humans scared shoe reads carried delay international leaves resulting gi ericsson promoted zip yang our motels overseas ant phantom automotive snapshot nu apollo cemetery performing jewellery,690.87,1381.73,7389501
74797889,4W11GN8084,gmbh tape sherman canberra medicines prayer varied rely wake ranked discounted trigger sl spectacular wv pubmed babies dallas diy multiple dresses deposit cry tables print bids related faster box documented ciao moves double mechanical popularity westminster interim strips honduras biographies of fund nomination triumph replies councils academy calculators investor,459.65,459.65,26132390
88237812,09U1SOQER5,dv graphics burning best assessed circuits screw jefferson jacksonville liabilities reader sarah purchase shepherd hydrocodone peaceful criteria jet pennsylvania withdrawal magnet hairy dialog bookmark award mark beta baltimore aids passport spend chrysler interim powerful lit review modes judy gnu version gary execute steel score quarterly luis sig architecture andorra internship talked configuration praise renewable receives donate regarded phase reconstruction rapidly hugh homes rd scholar section assumption bull los abraham nor,486.10,1458.30,75151188
27251961,PR3F3HO87S,sync dealer usa clause failed enrolled companies diagram powers refers lack electricity rehabilitation bracelets dealers organizer sally squad manually twice reject philips eligible liked constant cord recipients previous fu means cancelled veteran determination sas creation place indexes jpeg calibration preservation pdt tribe voted wins compound linked same semi passed comparisons tel honey branches fred den cottage oriented oxford seriously recruiting promptly edges dozens two butter sees attacked highs modular cuba comments tracked witch hung mold revolutionary locally indicators traveler polo max mechanisms workers evaluating uv suggestion marathon,339.63,339.63,70805180
14823197,42R44HLJ3T,sparc billy legs walked mixing dressing bread ala presented comedy oklahoma classified leeds albany indonesian constraint authority consultants cadillac aboriginal dial tried originally utah mexico quote obviously health pj cbs near truly independent sexual varied link,362.74,1088.23,11165668
48671491,Q8US77C2ZD,week wanna ordinance mention remote submission mixer bowling massage amateur rpg harley biography uri muslim winston bbs transform expo causes tragedy collections improving transformation nuke angle brought brazilian projected boulevard duo consolidation baseball checkout replies genealogy scene collaboration ship calculated his women crossword essential asking britain officials throwing mba outer lodge too same judge reductions readings bedrooms italiano mae t letter yugoslavia fd before substances shannon territories liability preston delay snap kinase sick groove additional purchased odd enrolled comp islam brick,672.73,672.73,75634824
39582400,M3RV3ICS66,previews would providers wilderness buy premium reactions learned norwegian inter publicly comparing fascinating plains void captain far tank hunter wn smoke clubs glen chef societies ups evaluated optical elderly annie dig assure periodic physiology watt cordless finger jpeg emotions temp after tag leeds edwards plans boy yamaha designs iraqi renew team gazette charleston redhead serious enlargement fisher occasionally finances barcelona among lately drainage mood jeremy timer eng signature sight hairy ratio tile face pcs concert made pf novels,220.77,883.10,29695659
99031321,22750BH525,lies usgs rob apnic phentermine disclosure girl brooks communist restaurant q activists forge obesity convenience ripe contributing speakers english hansen winner arrived dietary escape,146.15,584.60,16968886
14572780,1097V16J24,compliance arc erik agreed sparc restructuring bulgaria cbs processors medium wm software quest scoring beverage metro criminal mono campbell oak numeric answers tt cm sociology presented temporal broadband upc fundamental sociology connecticut losing brazil establishing ntsc jamie technique demand magic divx teen aw gps briefs submissions ping steven implies approximate mailman legendary looking separation burn greatly prizes producers pitch conjunction engaging distinguished weeks anne functional planner horizon service crop sie prozac hanging machine petroleum satin cooperative pharmacies cuisine rl wa burner enlarge certified,980.67,980.67,99351231
44554264,VQ2A5SXT6G,accidents obligation guides stereo casinos das grove obvious memory russian depth expense table ideas hr dancing advertiser courts tables emotional consideration columnists confusion delivers listen driving hard enormous laos standards muslims hate ground chevrolet shipments manchester stuff decimal missile barbara sing receivers harbor decades surveillance cakes perth la alan dependence below sheep markers signup failures their adjustments reprints exams addressed hampshire two burns process usda sequences adipex,727.12,727.12,28519095
69686050,UBL168HS7J,mug reducing camp ken few laser latex burning polo chips projectors moon merely sara martial realistic w destroy receptors through crm freight crm emperor pix grey ict clay belongs properties lawyers las deep incorporated pr semi secretariat lets hockey myspace parts relatively expressed holy goal reasonable thriller architectural governor americas rogers playlist tt input call people to mortgage child queue mathematical utilities barrier thermal rangers camcorders theater sic beaches bikes olympus polls pakistan buy displays refine pittsburgh gardens easier mpg prizes oman cook bm enormous gore,126.42,252.84,11987373
21951605,19GL8MHQZO,accounts forgot sage warner hung bytes silk rebates delicious joe breakfast honest mouse xnxx manual federation exceptions landing snow bears license change sites large surround rn natural author yields earlier won roommate translated clients acoustic assess sentence grows characters,631.87,2527.48,6076374
31345059,I1ZZW0RLWV,instructional anxiety get url produces directory operational throw alpha sponsored reward clocks dog females victim amazing quotes albums entertaining dying christina respected uses alan lingerie apparatus questions lightning,919.50,1839.00,12566257
11889605,7W506JGDHQ,mem gather fence laptops touch mg coin interventions essential keeping borders generally pole supervisors potential mia elite worry louis extends stripes jill hazard route super leave living specials money pleasure breeds whether flowers congratulations born compilation academics desire til ian pas orders leadership charlie accommodate copyrighted warning read seeds health specify powerful potential miss currency dirt screen undertake aud walks equation respective linux vacation football los reactions enjoying chronic custom amounts requirements actress democrats hood correspondence,339.98,1359.92,78562291
25877541,DXRU3QO1JW,naples eleven nhs jewelry nicaragua wr specification shaft hybrid trust suzuki vs gear newman rl flying jet he bennett offices garbage shaped bangkok civilian voices boating concept pdas henderson affiliated dream paperback fortune organisation midlands indexes occurred gi favors inappropriate butter networks lyrics chris luxembourg theft estates subjects trigger kiss moments golf prescribed jake latinas cuts britain woods pike delight somalia wednesday publisher baseball dj lbs town democratic appraisal recipient stone prohibited mongolia buildings midnight fd arrangement cruise journalist antarctica,369.84,739.68,86322209
19162069,W8F03AGUUF,suitable hospitals elder adjacent reform wb python deviation archive pull naked sticks natural edinburgh escorts mineral complaints marion cups clerk celebration decor ranger logistics efficiency revealed polymer officer independence due lowest why rica interpreted install saddam cnet marvel conducting savings action starter journals cooking rank bold confirm proceeding lighter balloon looksmart mt annotated tunisia buzz share cigarette mc parcel wins checklist till seafood adoption ferry disturbed forbes bedroom dec bbc surf flow customize grounds editorials orleans consensus announcements hosting ny womens coaching sell hence discounts defendant materials nu dealt,697.60,2092.81,25267419
45428619,8E6979GYUV,brazil developing kathy cursor merger valentine wife halo assignment fighting midlands rays liver redhead ultimately pose distributors honolulu shorts unwrap coordinator knowing literary nationwide alarm metro linked ham crude babies houses endorsed gathered thru sexual sports oecd mazda fabric diy reid following ice requesting bowling plot know sponsor flag arbor cheaper rats,393.77,1575.10,89328748
69939197,4OG0IAQJLI,bobby builds ignored devil classics thank bobby observations warned dominican trademarks draws deutschland albuquerque bahrain caused chrysler periodic reasonably hr buys cumshots five rock packs relatives miniature rug existed yourself considerable citizen evening loves sugar now excess closely captured bits chubby dean carefully cabinets overhead foreign plaintiff literary hamilton necessary,239.06,239.06,64592097
37361362,MZY5HL01E8,gift overall governmental preserve wrong collaboration rabbit sandy builder corn according investigations guitars edition stage growing modes shortcuts charming phys powerpoint biotechnology intention novelty apparent gmbh looksmart shemales monetary pennsylvania brazilian bride wednesday glenn guitars magical tim subsidiaries shaft defend greece glasgow report downloadable jerry specifically recover pb something shaft evans donors meetup turkish yang payroll phil lift regarding providence salem games violin order barry cells vote hotmail jackson questions feature agriculture elizabeth shore workshops repeat tabs tuition getting backed degrees skype oak flashing processor winston port crowd viruses interaction carol reliability advertisements mumbai logitech,51.88,103.75,59961305
33572969,C9832R5EW3,plumbing aspects prize jul hans burn honda hs boot pressure became rich appeals productions athens adidas gis pipe substitute naval cool matter cats intend blacks compound cream boulevard trembl alliance fleet dave reverse laden win ladder sc beastality enforcement marion commonwealth straight totally life referred constantly possibly realistic bbs classic oklahoma preservation cyber,304.25,1217.00,56009109
45976800,FES719UFVX,many conferences mission fuel variable hierarchy letters counties educators fiscal prove chance fresh expert visiting acid appear pb gamespot formed warren assess formatting shop wants dave mtv bm counting arrangements healthy dresses feel fonts resumes hrs ny specs yarn translation ur compute tabs log anthropology everybody synopsis till profit traveller tea fireplace fred baker set salad plain prozac run directors guards somalia seemed be blend bathrooms prototype looks lender adoption mineral bold peninsula rage throughout wheel participant wall,788.54,2365.63,69938323
47446641,PH7I688391,here ear unable corruption claim contains cho garmin random grand exposure pastor requested prevention timber citizen approach differ monitoring accomplished blessed complement pie tend americans prescription guys anatomy apparently speech brisbane spencer perry ford valid steal northwest merry instrumentation princess benefit,833.11,3332.45,83576750
21117276,U5U671VS59,nervous nat beast milfhunter lite aqua feature solo names cassette subaru lit guyana based par stylish message independence skilled va responded,48.42,193.67,96660005
34049225,0IZ3TH354T,hired eric ampland disco twiki fighters beautifully depending trained entrepreneurs facilities belarus reasonable black found multimedia reporters beast rehabilitation pearl then arrow vietnamese presence consortium range flag counts divided controlling sensor videos billing slave institution tours stop plenty apart queue executive,986.82,986.82,89079763
61840788,85B438O6H7,pig meals interior resolution logs resolve andrew viewed normal protocols kelkoo adoption petroleum fell equations baker wicked turbo contributed romania throwing donna,429.72,1289.16,61221807
83605080,UUB79NN7CZ,views specific penny marina walt gg been jm impaired figures sb net menu speaker electric alter strengthening vehicle longitude membrane knights processors porsche dat movement converter,696.95,2787.79,22844683
94492919,YDB3N1354P,phillips question jessica capitol definitions alcohol offices administered composite airline microphone cheat drainage knock interesting decorating sf talked dana specified kills chase ghz movie bathroom weight couples dublin forestry annoying latina old gotta you speaks enjoyed goes apartments transparency attractions pharmaceuticals satin vatican biological christine filme thickness dem bullet leeds lecture cape activities mailed trends efficient better deposit developers update hampton adapter reduced players whilst friendly graduation admit army exchange donald novel continuous mercury bike shepherd prisoner casey attorneys joe nissan testimonials les valued kelly cap nh promoted header,289.24,578.48,67808902
75099106,4CZ7Z31323,warriors crafts reliable homepage challenging isp pension puerto promotes rats plug foto mid reason entering macromedia eating clip crime hoping barbara ge uncle contemporary library blue discipline virgin idle department ford sought,580.66,580.66,26172662
64848302,B799754ZVP,level letter christians collection composite ages tiny nails checking blake consulting bloggers dependence exactly quotations deny gays trust greek netherlands attempts tion move students butter invoice focusing happens synthetic emotions pasta silver goat evidence lexington ibm mill modules satisfied occasionally lesbian local palmer,443.35,1330.04,28223396
56931123,5N2E8GDN6S,physically rides investment sound and hosts complaints milfhunter redhead mega pantyhose designer citation sends licking gift spin confusion gamecube adams fg lbs assumption she mentor camel firmware imported routes special typical leon gospel mars vessels couples allan buddy strategy know meat reform,548.21,2192.83,60892486
50018311,02088K6L2T,vancouver eq trackback fuel chancellor locate advert heroes arrangements lightbox unless worn sand have hairy telling respect valentine greg palmer matched throat agricultural collect fountain beverly sur firm iraqi adipex ball spent,79.90,239.69,8813857
24914292,C7FDL1244G,bags citations acting namely cluster expansion commercial brothers follow sponsor medline donation forward streaming holland lodge tree staff their otherwise alphabetical lithuania agency irs professionals promo abuse suspected massive readily hypothetical,182.51,730.06,44815743
22777827,EJNY13VI08,protest activated ranked chambers taiwan objectives typically returned detector therapeutic channel sensors man deaths celtic paragraph sacrifice substantial strategic consultant seventh wy stays happened spread vote survey terrorists thompson cuts young outsourcing perception saints discovered blades fr collapse appreciate velvet downloadable either among,380.66,1522.62,99052854
56806263,8DR4NACL86,pass believes featuring sewing tape dead childrens km force rarely pentium apollo challenge continuous permissions remix genre bibliographic winners monitoring plots innovation car agreements dies advertisers tobago watt theatre hoped prime supplemental oak widescreen abandoned ethics officials challenge acting award bedrooms macromedia heath finger usda seeks johnny route theorem makes latest zshops lt busy phases roommates,58.68,176.05,93943237
81444550,I7C9VO577P,president plates lie toxic setup antonio exception javascript mars marks restructuring goes barbados inf fewer afraid shine weekend isa present addiction charger racing provided volkswagen schedules plastics pilot effect outcome farming riverside colin relates hope parcel undertake thompson bye homeland invision comparable capital constitution soonest outer grip benefits hansen grill example exclusively eastern dell grace editorial resulting link lu healthcare judgment needs harrison charms jose rely search nearby delta taken missouri showers fw proven fu geological illegal yale trainers pad manager approve protocols rail epic terrorism cape please books referenced belfast examinations dead gary senior ideas,766.14,766.14,68314615
41876021,59Z38BBIB7,wars asn findarticles accepts player notice necklace constitutional vbulletin chrome herb sodium bill kim towns connectivity melissa angry jp rescue sum society folk promising threshold license rankings paso who communicate opposed fellow oakland sword artists permitted pathology reliability productions vii configuration disco rising chinese,900.04,1800.08,84554392
57015473,P7T41TCF67,fingers bhutan sierra formerly hello flux ingredients morris trinity how specials indices pages geek ringtones routes deferred indoor recorder combat jewellery spreading numbers aim terry roommates mesa temporary salvation par urban sodium apr recipient efficient tasks minolta origins watched coin member usual department mp warriors cf airline unusual composition candidates miscellaneous jj merely whose trivia red silly going policies katie fan scoring suburban may plymouth glucose nutritional troy font fairy primary,588.79,2355.15,64279829
21346144,0I4048Q4H4,map instructional animation backgrounds name spam calcium versions transfers enhance mar facts cinema finnish evaluate involvement ultram societies hi gentleman fraction village bras performance venue ls mae bass exhaust highway headset ordered hate wendy computers barrel membrane kenny girl freely courts vintage international sp jvc feb bow needs planet works directory stanford mas decent cooper bull formats smaller suggested someone int entered doing belief tripadvisor partnership toolbox volunteer advanced trackbacks assume twice fundamentals oakland ii,355.91,711.81,30923244
25090326,408W0363V6,jelsoft jennifer believe beneath windows employed andrews rug armor grades mpegs morocco wind consequence ensuring voting tender wings committed outputs tag query buyers making candle coating appeared strike pd residential islam sponsored melissa lets role explosion concentrations mice zip century phillips contemporary clara saturday tissue siemens spas financial evidence stress pregnancy guidance cuts powers payday arkansas value corresponding cartoon pilot identity guitars relax halifax recommendations april heating ieee stephen ago printable mw georgia rider streaming trout spanish allows shooting electro continues essex flush charged certification,58.61,234.42,21129958
74460469,ZFGB17SB9D,featured economy earrings math php beth asks shop tactics syndicate nylon myspace korea bulgaria titten seattle luxembourg sensors mitsubishi multimedia even unknown creek edwards brought usc era plugins referrals exposure starter genre garlic liability implementation amd allocated orleans netscape novels terrible potato wound florence endless salon tie shed lost oakland commissioner wise served caring confident cl chubby crowd feels vault chosen short blessed dictionaries riverside lance protective bl accepts newfoundland treasure preservation genes sticks,837.83,2513.48,91720720
64177987,41Y667J4OC,error lt inspiration awards coastal benefits mods pam filled herbs bucks designs fit arrest meeting traditions compression breach casio india reuters hollywood maximize overcome cups jon scott parallel hygiene restriction fathers species film others sauce neon hour capability phrases ranked routers railroad expenditure edition kijiji agenda default engine ladies terms draws blast replies died okay request lifetime product dale vast concert exploration cognitive think programmers revision magazines car comic evidence clusters syndicate running ata,979.13,3916.50,68623317
66504127,G3I0FAKNMJ,dance twiki independent violent encryption root clarity completing handjobs motherboard space host decided nature prisoner rise super firm bool funeral agriculture cake conversation engines abuse opposed materials handhelds tech avon mile orders layers likelihood diane penguin import security b striking investigate jersey contact wearing comparison bay couples remarkable tones peer simpson illinois motherboard thereof tft flow adventure opinions country revisions hourly collaboration competing grain elevation wives bb gdp restaurant fingers refuse chocolate scoring activated opponents birmingham concluded authorities through neighbor mba fabulous,928.68,928.68,56062234
38391863,01BIM4J3TW,aggregate collectibles sexcam toolbar rd the endangered whether outlook uri troy resumes brave yacht office simon macedonia aquarium cover stephen government recognize superb attorneys keeping safely injection den radical solve heritage jim qui could epic contractor minimum transparency extraction ashley supply spirituality msie finger anyway amp pass tooth condos le builders football fr fund view appropriations match biological,404.52,809.03,95885717
27795412,EZ73333KWO,harper newly greenhouse zdnet perfect practitioners respective conjunction considerable uzbekistan enrollment chancellor sep discover singer zone contributing hurt dp farmers refrigerator junk nuclear designing installations literally medicine steve graduated usa finishing jeremy amended,475.21,475.21,67986087
43670879,374K9X8Z9D,inf accessibility caribbean cookie sans thou roll trades docs korea offline kay direct wellington motorcycle arrivals disney smtp professional tank unemployment trailers spots permission fioricet variance macro specs drops strategies qty grad nyc wells alexandria asthma dozens horses stack programme talent threads retired tent outcome yang holly missions shaw alternative postcards notice bat confused fabrics review approaches def cove nose subscribers jon engineering teens cruises particular research forums deluxe topics county sociology markers hindu jon defense rp explaining comparative mines trainer score alaska br sticks repeated considerable periodic,262.49,1049.96,41926182
24357118,726P39564M,globe heavy false ecological ethical excessive september naturally opposed marathon velvet total pose trademark dh enemy gaming amd surprised handy priorities oz cakes wu copied cas hint gratis reduced send prozac mag researcher twelve boots wealth etc ic pos figured connection phpbb shown optics masturbation displays superintendent authority sv arrivals paxil brunswick au genes reductions southeast proceeding saw attributes pf luis operates sphere receives www autos promising disciplines desirable provinces defeat herb dave achievements cayman vegetable stone emotions applications petite,340.20,680.41,71360817
74402994,704181UO77,before could slight divx rough patricia bangkok players bridges hist postcards include indirect maintaining vhs making fixed cargo politics acres wallet picnic british thinkpad isa,915.16,1830.32,1319255
57639265,6WW09KXV1Q,microwave vpn fail tag agree cz pacific vermont gifts inform winter gig rice maintained saver gods plant musical odds snow kentucky dod achievement mathematical announcements tim universe winning arena advisory hearing disks temperatures commissioners likely motor mod maiden out agrees austin tone carrier complete note choose republic bm kg backgrounds borders surprise shipped interact views loved students freebsd demands,824.97,3299.88,79330093
51228088,165B5UUR00,omaha referral senior touch tions indie thunder land empire declaration various reuters detective elvis jay u arthur jacksonville display alot awarded dramatic peas metres tricks frost edge relations civilization physician infrared implications bangkok pipe samoa donors likewise reduced considered functions behind bucks cst amp shower chronicle cooked experimental ip begin simultaneously span collected,807.37,3229.47,7641236
49205463,88AIT50Q2I,logged threatening madonna bearing spine lace panel recruiting jeremy reg mysql turning colin aaa donations selected solid phenomenon strange specialties control dish su spam benefit calvin belarus sorted environment ultimately filters hobbies mill flowers cj passive statewide mapping isle supreme apnic reviews attach certainly homework spare va intervals sent canon nudist sent biodiversity meetup findings exists subtle woman effectively prostate rounds kde outlet attraction became recipes sans serbia piano reed guinea arnold searching madagascar carry maintenance mess laundry token amd develops bend cricket certification hugh strengthen submission tract binding,353.50,1414.01,51268021
31623113,AD6P5N970Z,dynamics hostel regard to bangkok permanent accompanying firms inexpensive episode chem plates background uc held door census expression stream underwear championship lending mistakes approach english shopping scanned martha simple sports case oracle rover reporters prepare intended labels sees nb keith switched cannon regular loved hence succeed happy enjoying reflections brighton anticipated valves amanda distances oil walker estimate kansas slovak unexpected counseling others midnight sexuality viewing cancer cyber foo taylor lender ol critics pros indonesia thirty amount colonial hurricane measure,876.94,876.94,87112827
81849838,N2QK660AQQ,gsm simultaneously obviously raleigh fruit mission absence whale adult route specials develop prep coordinated om courts when mercedes int prescription dining soft pros fires harassment attend combinations myth interesting messages moore vary discharge requiring interested ellen apollo enjoyed providence aerospace mar nsw plants provisions portions practitioners witch additions spa focal horizon pm,464.40,464.40,9853226
39416897,7X65JK0828,audio counters wiki cafe incomplete canberra workstation extend infant nashville oil vulnerable kijiji ve families calculators fought snow begins worm suburban winds kb says isaac sacrifice scale prep nec stack def chemistry incentive elegant aged amsterdam,711.88,2847.53,85232454
89776296,8A8Z1H63B8,killer headset acdbentity hoping unknown nobody moderators ugly mailing loads helicopter demands starter canadian conclude float valley supporting occurs latest reference jose thinking combination word dice kenya nasty ride tradition assumption prostate sitemap screen dedicated mortgage podcasts regime cohen pt length belkin macedonia emphasis extent whom kings suburban fragrances fisher tabs editorials aware probability penguin moderate nokia appreciate cargo sudan algeria gym rec malpractice stranger forbes musicians listening evaluated scholar arabic hh consideration fist bedding immune projection presently wage clinic cho,173.23,519.70,49167251
69553400,F1B3LLNLKA,rc convergence loc steve investing evaluating gm guyana myself exit champagne unlike jul operate framework reserves trinidad african creating unemployment newton sunglasses homework complications rotation worn scsi editors accounting serve recipient oak self claims obligations eng musicians ci curtis researchers apparel albuquerque bruce cash extract leads jewel knowledge,744.04,2976.14,74924509
14438664,C3O888WBP4,architect stockholm rack strengths reel diesel interactive rocket cord gi mistakes berlin ntsc votes pennsylvania childhood lc leave direction expressions generating century anaheim fingers buyer velvet gordon hats angry fee chassis vegetables combining thu discussed communications earthquake billion condos treat bb netherlands distinct momentum oil ahead pants spent camera council brings canon seller bean mae compressed clusters bull singles timing clerk also dried former odds consist tar persian greetings inspector vaccine kid candidate mm converter strengths depression temporarily bangladesh racial belle canberra reduce carries responding mrs protocols og pond rivers comics hydraulic intel meter mexican,607.54,1215.09,32081763
86178086,P4031Q1MA5,fit repair personalized signing epinions expanding friendly alien moisture manitoba reasoning approval trade spring mitsubishi connected barbados introduction advertisement desert decline maps agree listing dialog cult impressive overnight audio share efficiency validation skiing wires ball misc sent dream enjoy stud month compiled plastics tue teams opt justify derived impacts nature argument cm liberia neighbor earn inexpensive vector circuit satellite inkjet chain thirty northwest wars frequencies efficiently constitutional sail morgan eat main headers tsunami camp personally weird hits shape gazette hunting lotus detroit sorts races terms gang filter fishing magazines xml qty gem robinson cl,742.12,2226.37,62793047
96642063,76OP08639I,customers continent addressing ultram gonna searches h offerings headset mt cooperative bag sally weighted terrorism dining escorts fool involvement pair score leaf investigator vacation jack prairie different adult l replied rule ur sold costs sir pj remark shower indicated no modified bonds womens copper early dry certainly dropped contents form oman logic posted appliance principle posters bachelor bibliography transcripts wings electricity dicks permit mines phillips hl transactions,989.56,989.56,72049024
80796599,GURUV87Y77,emissions blanket tobacco listening strand persons worker push led deposit angela wheel pool treated ncaa oct brochures bids crossing notre berry describe accountability charlotte legs economics streams snowboard testimonials mini formats lucas irc no outlined riverside arrange helena standard velvet flights diff occasions back know supporting aggressive bookmarks feel skip robertson organization,283.82,283.82,36498263
24458540,5QPQT3PFAR,michelle sweden conducted publish pc packard administrator lebanon panasonic choices discuss massachusetts cape dig fascinating squirt david timely extract behavioral calculators accent sublime theater beijing psp frequency massive dairy dual topic yang llp acceptance rising bell notes purchases connecting compilation window variables giant oil musician windows justice notify strong payroll health encryption italiano bush sight episodes accessories shoe hourly office keeping engineering aluminium dogs manage dumb initiatives cs learners movie banking mag campaign attention webcast joe seasons synthetic ste bill cats collective christine flu,274.91,549.82,33260112
68682813,DQ192A3IGJ,eyed invoice piece laptops suite remaining single employers pf devel appropriate grant venice tank increased tribal davidson customs accredited drawings evaluation cpu afterwards availability train nick introduced announcement exchange rational ing considers indicates survivors receive surplus connections sussex someone scientists columbus employment version img diving qty leone olympic belong earn requiring narrative jul wheat supported richardson opposite counter hands disagree advocate de journalists wearing alto pj mile prepared barcelona conf richmond avoid geo carroll policies montana neon ibm interior yours silence apparent rachel core mysql,630.91,2523.65,10171666
30199677,5PK27B5X6W,commonly between talked slide telecharger honors fence saddam graduate mas washing entirely oak interact dame scott w custom accreditation gen inventory citation historical announcement efficient chair levitra none spirits reduced bb remove country la father villa difficult,466.92,1867.67,4456403
93869633,J9824Y3E7M,chicago cosmetic advantages turkish snake coalition guided occupations workstation cr implement ic vibrators sealed schools duty lee thereof indicators missions tomato camps dramatically dj subscriptions aka build syndicate prescription victorian campbell java classical christianity asset nylon calls cape supervision fighting set bradley gi abstracts throw reference assumptions aye premises market bm un poison participate regard atlanta kilometers korea task forth mi boc heights base somewhat printers orange recipients brain representation nov lifestyle substantial viii achievements dressed ep deliver adaptive depth artists prix charitable pot largely estimates flashers chronicle stock chicken fighters psp cw java testimonials accidents herb,276.25,552.49,15211493
76267652,MS1Z971306,imagine looking linda unto mexican hanging physician groundwater candle accessory renewable rice payday kinda economic symphony bugs eco ut moss combined acres scripts foods affiliate makeup familiar ericsson logan middle watts session ozone bedding followed mate bride sell madrid takes bass doing circumstances created personality grill russian examples ti ipaq furnished bermuda representation purchases bt achieved modifications navigator rpm democratic employed greater claimed complaints profile roller released charges kenneth misc good gods paintball attempt flower fabric other costa environments kept concerns,82.93,82.93,57922138
28917593,6I15FDTZLF,novelty intensive tourist when plots groove oregon contractors physiology disputes reg flowers cork radius ring coaches pairs played soa frederick beauty joins bacterial de exclusively probably expertise lights intent gauge calgary rr words allocation js see declared hotel planes regression constructed late secretariat fake weapons,454.38,908.76,84309873
12637854,QV6294PVZS,passion policies marine william twiki father compile model television skin departure efficiently above worse customers eligibility lewis street griffin moisture attitudes reads seminars mating scuba coins wearing eagle dis hardcover invest open take vacation ultimately users grove organizations develop perspective know thumb christopher injection penguin del identified picture colleges wolf community gb marriott phase adams duncan,519.32,1557.97,82615142
92404549,7M1D982JL1,fda ordering editorials planning resolution swaziland watching purchases egypt slot artistic thousands ll avon regular field late kiss guns lp cm messages river boot two sanyo provides reggae alpine retro claim vsnet folding hopes russian population drove voyeurweb glenn often unix stick twisted exposed because steal seconds divisions romance more remaining draft trout project side well specialties changing impression transcripts stages holiday pubs tried weeks diet ee nextel skirt needed dying distinguished,158.21,316.42,11617184
57368987,IZ5KH758M1,cope blades reid cycles cosmetics stan worry standard worm macedonia bottle msgstr love christianity supplies tail bahrain grammar about safe called bath detected rocky review marsh shapes occurs studying syndicate suite imports entries studios manufacture jessica files surgeon os webmasters cooperation solve operate jack context prev alaska thru horizon oils edition combination chan ta distributors switzerland report summaries dk oc ce searched entrance mesa pioneer standing yeah,541.74,2166.97,61814219
80606554,BT88SJD2S9,strength norfolk copy blacks pipeline ky marriott recordings parish toddler performed thickness gifts scratch int palestine official obligations boulevard concern clarity hunting funk differences burden compile connectors paris turbo inch genome latex mu discharge warren william dying farm postal rise gold temporal thumb naples wheels bold priest knife level proceedings branches rural firewall fridge scene tee,431.48,1294.43,97855658
50658236,I5X9F8S0EG,articles kennedy steve modeling flex fortune event area continuity doctrine chance donald coated tu prices conversation slip heard yields processed tropical unknown arguments sixth unions tm organizations hearing realistic accepted stockings cfr shown promise surveillance poet four passengers finally pour belle graphic continued,353.98,707.95,46976429
27383226,Z8GP3PA9YX,interactions storage nascar liberia season gamma bug acquisition northeast lab mechanisms guyana bound half yours packed clips recordings ins un contest occupied bulgaria reward overseas safe eyes thee incentives britannica yn af groove ports stephanie distant johns know anti promoting strings accidents taking apollo apr angola carriers comics layers fiber lots commander catholic tank highlighted horizon programmes wall obtained angels windsor holly chad restrict wilderness tommy rural claim launched analyzed lisa prime threat motorola eddie paintings ex club jay tft essentially helmet mediterranean fwd aurora builds ids successfully fireplace jackie under larry,692.55,2077.66,77491531
79932512,0E5SZ2MJGR,magnitude pentium subscription returns receipt place lucas thank banana filename scores aw ascii publishing administered spatial rebate exotic alumni pittsburgh gcc expedia terrible courses griffin mustang enables whole ryan removal walking functional herself pain bucks,496.34,496.34,61367579
74717636,2SQ1I7DN42,higher mayor transcripts went attempts establishment salem plastic mars detected pins tech basename restore city accredited eye inbox planning purchases references televisions asbestos bad blocked sri seasonal assignments hardcover islamic explanation so reel legal suppose insights closely edit boats health satisfy staying arrived expansys upgrading in will retention niagara set ontario x tract tony feat left frank adam,465.75,931.50,3971580
33345121,AS699XJY4D,moderator prev box nor particular archived personally harassment bush teenage marathon backgrounds bc rich meeting kingston objects mem joint mo starter cz harrison anyone fraud escorts outline accommodation objective wishing helena okay ellis saddam herald their silicon collectors kill merchant involvement adidas,450.60,1802.42,62555261
