givenName,temporaryPassword
Maude Sena Sova,TeamPrimrose!1
Willian Glady Wilkey,TeamPrimrose!1
Gala Vinita Langland,TeamPrimrose!1
Wonda Emerson Peightal,TeamPrimrose!1
Jenifer Paola Clutter,TeamPrimrose!1
Rosaria Mariette Piek,TeamPrimrose!1
Ellamae Dalila Jaurequi,TeamPrimrose!1
Merlene Arie Kolasinski,TeamPrimrose!1
Carla Gabriela Smoak,TeamPrimrose!1
Ruth Renna Anzualda,TeamPrimrose!1
Tameka Michael Alfieri,TeamPrimrose!1
Kazuko Audria Brewton,TeamPrimrose!1
Delcie Lashawnda Summy,TeamPrimrose!1
Milagro Latia Bernabo,TeamPrimrose!1
Elene Jeanett Broege,TeamPrimrose!1
Candelaria Kayleen Decree,TeamPrimrose!1
Vivienne Mattie Stewart,TeamPrimrose!1
Marcus Mara Wlodyka,TeamPrimrose!1
Lanora Melony Mcwhite,TeamPrimrose!1
Cythia Golden Siefferman,TeamPrimrose!1
Luciana Cayla Cerino,TeamPrimrose!1
Ramon Simon Papranec,TeamPrimrose!1
Shiela Evie Voss,TeamPrimrose!1
Kelley Rosendo Lowe,TeamPrimrose!1
Murray Edda Margaris,TeamPrimrose!1
Tess Stephaine Packett,TeamPrimrose!1
Mitch Hilde Denick,TeamPrimrose!1
Hollis Fernande Glackin,TeamPrimrose!1
Jen Hershel Poleyestewa,TeamPrimrose!1
Nakisha Muoi Herkstroeter,TeamPrimrose!1
Ivelisse Fred Witbeck,TeamPrimrose!1
Earle Evan Cesari,TeamPrimrose!1
Jesus Valeri Simcoe,TeamPrimrose!1
Romana Natividad Brockway,TeamPrimrose!1
Peggie Louis Polaski,TeamPrimrose!1
Federico Teresita Avitia,TeamPrimrose!1
Hiroko Arthur Krajewski,TeamPrimrose!1
Genia Alexandria Basemore,TeamPrimrose!1
Andres Roslyn Ohotto,TeamPrimrose!1
Elicia Osvaldo Droy,TeamPrimrose!1
Leticia Tamara Plant,TeamPrimrose!1
Xuan Stephanie Acrey,TeamPrimrose!1
Michell Margart Haen,TeamPrimrose!1
Savannah Eliana Soller,TeamPrimrose!1
Domonique Darin Kulakowski,TeamPrimrose!1
Eveline Ione Mazza,TeamPrimrose!1
Dannie Flo Legnon,TeamPrimrose!1
Bart Florentina Ahlquist,TeamPrimrose!1
Bettie Alessandra Kolarik,TeamPrimrose!1
Stacia Ryan Barends,TeamPrimrose!1
Bryce Zulma Nauarro,TeamPrimrose!1
Gavin Kirsten Milnes,TeamPrimrose!1
Earnestine Edgardo Kopald,TeamPrimrose!1
Shara Ashton Sigars,TeamPrimrose!1
Angela Shin Facchine,TeamPrimrose!1
Lorie Estela Hogge,TeamPrimrose!1
Darcy Margrett Gracia,TeamPrimrose!1
Lisandra Tod Lamey,TeamPrimrose!1
Roxanne Mandy Sagastegui,TeamPrimrose!1
Alfreda Berenice Tramontano,TeamPrimrose!1
Patience Lauren Biddick,TeamPrimrose!1
Olene Doyle Romane,TeamPrimrose!1
Marlyn Virginia Papasergi,TeamPrimrose!1
Eartha France Siddiq,TeamPrimrose!1
Katharina Raeann Leona,TeamPrimrose!1
Roma Coralie Menge,TeamPrimrose!1
Lillia Xavier Then,TeamPrimrose!1
Delfina Gary Seldomridge,TeamPrimrose!1
Rona Emerita Gaglia,TeamPrimrose!1
Jordan Rusty Nebeker,TeamPrimrose!1
Lamonica Else Hindle,TeamPrimrose!1
Saturnina Georgia Lammon,TeamPrimrose!1
Levi Madaline Ottum,TeamPrimrose!1
Sandy Chris Sivils,TeamPrimrose!1
Arminda Rubi Widlak,TeamPrimrose!1
Ines Wilbert Overholtzer,TeamPrimrose!1
Albertine Zita Montijo,TeamPrimrose!1
Tonisha Katelin Guitterez,TeamPrimrose!1
Mistie Geneva Sloas,TeamPrimrose!1
Andrew Sixta Rosenbrook,TeamPrimrose!1
Jazmine Will Boeken,TeamPrimrose!1
Carylon Thurman Cernoch,TeamPrimrose!1
Birdie Chadwick Mckinnell,TeamPrimrose!1
Ariane Jalisa Degler,TeamPrimrose!1
Izetta Violet Rehmann,TeamPrimrose!1
Frida Irma Cryderman,TeamPrimrose!1
Calandra Jennefer Milush,TeamPrimrose!1
Bessie Phylis Layell,TeamPrimrose!1
Lezlie Nellie Aly,TeamPrimrose!1
Else Krystina Mogush,TeamPrimrose!1
Gustavo Tamika Margulies,TeamPrimrose!1
Marylin Franklyn Firestein,TeamPrimrose!1
Wilfredo Corrina Caster,TeamPrimrose!1
Belinda Laveta Kimel,TeamPrimrose!1
Ozie Valeria Bogany,TeamPrimrose!1
Margarite Tamar Lacoste,TeamPrimrose!1
Meredith Jesus Szollosi,TeamPrimrose!1
Brigid Benton Bedwell,TeamPrimrose!1
Meryl Dortha Plumlee,TeamPrimrose!1
Elissa Tanika Carrero,TeamPrimrose!1
